English Word,IPA Pronunciation,German Translation,Gender,Word Type,Domains,Examples,Synonyms
Availability:,,"Copyright (C) Frank Richter  1995 - 2020,; Einhard Leichtfuß 2020-2022, Sebastian Humenda 2021; This dictionary is free software: you can redistribute it and/or modify",,,,0,
Notes:,,* Database Status: stable,,,,0,
Source(s):,,"Home: https://dict.tu-chemnitz.de/ This dictionary was generated from; the Ding  dictionary, version 1.9; (2020-12-22) using the , ding2tei-haskell",,,"https://dict.tu-chemnitz.de/, https://github.com/freedict/tools/tree/master/importers/ding2tei, https://ftp.tu-chemnitz.de/pub/Local/urz/ding/",0,
The Project:,,"This dictionary comes to you through nice people making it available for; free and for good. It is part of the FreeDict project,; https://freedict.org/. This project aims to make many translating",,,,0,
Changelog:,,* 2020-09-11 #eleichtfuss ver. 1.8.1-fd0.1:; * Initial import from Ding (version 1.8.1).; * Fixed many syntax errors and inconsistencies in the Ding,,,,0,
Ases,ˈɑːzəs,"A , A sharp , A flat , A double sharp , A double flat",,,mus.,0,"A, Aisis, As"
das A und O,das ˈɑː ʊnt ˈoː,the nuts and bolts,,,"coll., ugs.",0,
A- und B-Horizont,ˈɑː ʊnt bˈeː hˈoːriːtsˌɔnt,"A and B horizons , solum",,,"agr., geol.",1,A- und B-Boden
Aal,ˈɑːl,Eel,,,cook.,2,
Süßwasseraale,zˈysvasˌeːrɑːlə,freshwater eels,,,zool.,0,"Echte Aale, Flussaale"
Aachener Printen,ˈɑːxənɜ pɾˈɪntən,hard ginger bread from Aachen,,,cook.,0,
Aalenium,ɑːlˈeːniːˌʊm,Aalenian,,,geol.,0,Aalen
Fischmolche,fˈɪʃmɔlçə,"amphiuma salamanders, amphiumas, congo eels  , congo snakes",,,"coll., zool.",0,Aalmolche
Gebärfische,ɡəbˈɛɾfɪʃə,eelpouts,,,zool.,0,Aalmuttern
Aalstrich,ˈɑːlʃtɾɪç,"eel stripe , spinal stripe , dorsal stripe",,,"hunters' parlance, Jägersprache",0,
Aalstrich,ˈɑːlʃtɾɪç,dorsal stripe,,,zool.,0,
Aalsuppe,ˈɑːlzʊpə,eel soup,,,cook.,0,
Aalterrine,ˌɑːltɜrˈiːnə,terrine of eel,,,cook.,0,
Älchen,ˈɛːlçən,eelworms,,,"agr., zool.",0,Aaltierchen
Aasfleisch,ˈɑːsflaɪʃ,carrion,,,zool.,0,Aas
Aas fressen,ˈɑːs frˈɛsən,scavenge,,verb,zool.,0,
Aaronsstab,ˈɑːrɔnsʃtˌɑːp,Aaron's rod,,,arch.,0,
Aasfliege,ˈɑːsfliːɡə,"carrion fly , fleshfly , flesh fly",,,zool.,0,
Aasfresser,ˈɑːsfrɛsɜ,"scavenger , carrion eater , carrion feeder , scavenging animal",,,zool.,0,
Aasgeier,ˈɑːsɡaɪɜ,vulture,,,zool.,0,
Aasjäger,ˈɑːsjɛːɡɜ,"pothunter , carrion hunter",,,"hunters' parlance, Jägersprache",0,
Aaskäfer,ˈɑːskɛːfɜ,"burying beetle , sexton beetle",,,zool.,0,
Aaskrähe,ˈɑːskɾɛːə,carrion crow,,,zool.,0,
Gacki machen,ɡˈakiː mˈaxən,"do a poo , poo",,verb,"Schw., Kindersprache, children's speech",0,"käckern, groß machen, Stinker machen"
Manilahanf,mˈɑniːlˌɑːanf,abacá,,,bot.,0,"Abacá, Abaka"
Ayous,ˈaɪuːs,"abachi , obeche , samba , ayous",,,agr.,0,"Abachi, Samba"
Abakusblume,ˈɑbakˌʊsblʊmə,abacus flower,,,arch.,0,
Abakussäule,ˈɑbakˌʊsɔølə,abacus column,,,arch.,0,
A-Batterie,ˈɑː bˌateːrˈiː,A battery,,,electr.,3,
A-Hörnchen und B-Hörnchen,ˈɑː hˈœɾnçən ʊnt bˈeː hˈœɾnçən,Chip 'n Dale,,,lit.,0,
Abazissus,ˈɑbatsˌɪsʊs,colarin,,,arch.,0,
Änderung,ˈɛndərˌʊŋ,modification,,,teilweise,1,"Modifizierung, Abänderung, Modifikation"
Änderungsantrag,ˈɛndeːrʊŋsˌantɾɑːk,"amendment , proposed amendment",,,pol.,0,"Zusatzantrag, Ergänzungsantrag, Abänderungsantrag"
Abänderungsbefugnis,ˈapˌɛndeːrˌʊŋsbəfˌʊɡnɪs,"power of amendment , power to amend",,,pol.,0,
Abänderungsklage,ˈapˌɛndeːrˌʊŋsklɑːɡə,"application for variation of an order , petition for modification of judgement",,,jur.,0,
Abänderungsurkunde,ˈapˌɛndeːrʊŋsˌ??kʊndə,instrument of amendment,,,jur.,0,
Abandon,ˈɑbandˌoːn,abandonment,,,jur.,0,
Abandonerklärung,ˈɑbandˌoːnɜklˌɛːrʊŋ,notice of abandonment,,,jur.,0,
Abandonfrist,ˌɑbandɔnfrˈɪst,period allowed for abandonment,,,jur.,0,
Abbasiden,abazˈiːdən,Abbasids,,,"hist., soc.",0,
Degradierung,dˌɛɡɾadˈiːrʊŋ,"breakdown , decomposition , degradation",,,"biol., chem.",0,"Zersetzung, Abbau"
Ausbeuten,ˈaʊsbˌɔøtən,depletion,,,envir.,0,Abbau
Ausbeutung,ˈaʊsbˌɔøtʊŋ,"mining , winning extraction , winning , extracting , extraction , recovery , exploitation",,,min.,0,"Abbau, Förderung, Gewinnung"
Abraumbau,ˈapɾˌaʊmbaʊ,quarrying,,,min.,0,"Tagebau, Abbau (von Sand, Kies, Steinen) im Tagebau"
Dämpfung,dˈɛmpfʊŋ,"decay , ramp-down",,,phys.,0,Abbau
Abbau…,abˈaʊ,degradative,,adjective,"biol., chem.",0,
Abbaubarkeit,abˈaʊbaɾkˌaɪt,"degradability , decomposability",,,"biol., chem.",0,
Abbaublock,abˈaʊblɔk,"block , panel , lift",,,min.,0,
Abbaugenehmigung,abˈaʊɡənˌeːmɪɡˌʊŋ,mining permit,,,min.,0,Abbauerlaubnis
Abbaufeld,abˈaʊfɛlt,"field , district , set",,,min.,0,
Abbaugebiet,abˈaʊɡeːbˌiːt,mining area,,,min.,0,
Abbaugenehmigungsantrag,abˈaʊɡənˌeːmɪɡʊŋsˌantɾɑːk,mining permit application,,,min.,0,
Abbaurate,abaʊrˈɑːtə,"rate of decomposition/degradation , decomposition/degradation rate",,,"biol., chem.",0,Abbaugeschwindigkeit
Abbaugrad,abˈaʊɡɾɑːt,decomposition level,,,"biol., chem.",0,
Pickhammer,pˈɪkhamɜ,"pick hammer , pneumatic pick",,,min.,0,Abbauhammer
Vorgriff,fˈoːɾɡɾˌɪf,"buttock , lift",,,min.,0,Abbauhöhe
Abbauintoxikation,abˌaʊɪntˌɔksiːkatsjˈoːn,endogenous autointoxication,,,med.,0,
Abbauland,abˈaʊlant,mining land,,,min.,0,
Abbauleistung,abˈaʊlaɪstˌʊŋ,degradation capacity,,,chem.,0,
Abbaumaschine,abˌaʊmaʃˈiːnə,mining machine,,,min.,1,
Abbaustadium,abaʊstˈɑdiːˌʊm,"degradation/downgrade stage , degenerate phase",,,"biol., chem.",0,Abbauphase
Abbauprodukt,abˈaʊpɾoːdˌʊkt,breakdown/decomposition/degradation product,,,"biol., chem.",0,
Abbauprodukt,abˈaʊpɾoːdˌʊkt,product of catabolism,,,biol.,0,
Abbaureaktion,abˌaʊreːaktsjˈoːn,"degradation reaction , degradative reaction",,,"biol., chem.",0,
Abbaurevier,abˌaʊreːvˈiːɾ,"mining region , mining district",,,min.,0,
Abbaurichtung,abˈaʊrɪçtˌʊŋ,direction of mining,,,min.,0,
Abbauriss,abˈaʊrɪs,subsidence break,,,min.,2,
Dissimilation,dˌɪsiːmˌiːlatsjˈoːn,"catabolism , catabiosis , dissimilation , disassimilation , devolution",,,med.,0,"Katabolismus, Abbaustoffwechsel"
Abbauscheibe,abˈaʊʃaɪbə,slice,,,min.,0,
Abbauschutt,abˈaʊʃʊt,mining debris,,,min.,0,
Abbaustelle,abˈaʊʃtɛlə,open cut mine,,,min.,0,
Stoß,ʃtˈoːs,"face of work , working face , bench",,,min.,0,Abbaustoß
Abbaustrecke parallel zu den Schlechten,abˈaʊstɾɛkə pˌaralˈeːl tsuː deːn ʃlˈɛçtən,butt entry,,,min.,0,
Abbauschritt,abˈaʊʃrɪt,step in degradation/decomposition,,,"biol., chem.",0,Abbaustufe
Abbauverfahren,abˈaʊfɛɾfˌɑːrən,mining method,,,min.,0,
Abbaukontrakt,abˈaʊkɔntɾˌakt,mining contract,,,min.,0,Abbauvertrag
Abbauprozess,abˈaʊpɾoːtsˌɛs,"degradation process , degradative process",,,"biol., chem.",0,Abbauvorgang
Abbauwand,abˈaʊvant,quarry face,,,min.,0,
Abbauwürdigkeit,abˈaʊvyɾdˌɪçkaɪt,"minability , workability , payability",,,min.,0,
Abbe-Helmert'sches Kriterium,ˈabə hˈɛlmɜt ʃˈeːs kɾiːtˈeːriːˌʊm,Abbe-Helmert criterion,,,statist.,0,
Entstielmaschine,ɛntʃtˌiːlmaʃˈiːnə,"grape picker , stalk separator",,,agr.,0,Abbeermaschine
Abbeilen der Wurzelanläufe,ˈapbˌaɪlən dɛɾ vˈ??tsəlˌanlɔøfə,"removal of buttresses, laying-in",,,agr.,0,
Reziprokwert der relativen Dispersion,rˈeːtsɪpɾˌɔkveːɾt dɛɾ rˌeːlatˈiːvən dˌɪspɜzjˈoːn,"Abbe number , constringence , V-value",,,phys.,0,"Abbe'sche Zahl, Abbe-Zahl"
Abbiegen,ˈapbˌiːɡən,"turning , turning-off , turn-off",,,auto,0,
Abbiegender,ˈapbˌiːɡəndɜ,turning vehicle,,,auto,0,"Abbiegende, Abbieger"
Abbiegescheinwerfer,ˈapbˌiːɡɛʃˌaɪnvɜfɜ,cornering lamp,,,auto,0,
Abbiegestreifen,ˈapbˌiːɡɛstɾˌaɪfən,turn-off lane,,,auto,0,Abbiegespur
Abbiegeunfall,ˈapbˌiːɡɔønfˌal,accident involving a vehicle turning off,,,auto,0,
Abbiegeverbot,ˈapbˌiːɡeːfɜbˌoːt,"turning ban , turn ban",,,auto,0,
Abbiegeverhalten,ˈapbˌiːɡeːfɜhˌaltən,turning behavio(u)r,,,"auto, techn.",0,
Abbiegeverkehr,ˈapbˌiːɡeːfɜkˌeːɾ,turning traffic,,,auto,0,
Abbiegestelle,ˈapbˌiːɡɛʃtˌɛlə,point of bending,,,constr.,0,
Zuordnung,tsˈuːɔɾdnˌʊŋ,"mapping , map , transformation",,,math.,0,Abbildung
Abbildtheorie,ˈapbˌɪltheːoːrˌiː,"image theory , picture theory , representation theory",,,phil.,0,
Abbildungsqualität,ˈapbˌɪldʊŋskvˈɑːliːtˌɛːt,"colour fastness   , color fastness",,,"Br., Am., techn.",0,Abbildungsgenauigkeit
Newton'sche Linsengleichung,(en)njˈuːtən(de) ʃˈeː lˈɪnzənɡlˌaɪçʊŋ,Newton's lens equation,,,phys.,0,Abbildungsgleichung
Bildunterschrift,bˈɪldʊntɜʃrˌɪft,"caption , legend",,,print,0,"Abbildungslegende, Bildlegende, Legende zum Bild"
Abbildungsverzeichnis,ˈapbˌɪldʊŋsfɜtsˌaɪçnɪs,"table of figures , list of figures , list of illustrations",,,"sci., print",0,
Abbindebereich,ˈapbˌɪndəbərˌaɪç,curing area,,,constr.,0,
Abbindeende,ˈapbˌɪndəəndə,final set,,,constr.,0,
Abbindebehandlung,ˈapbˌɪndəbˌeːandlˌʊŋ,curing,,,constr.,0,
Abbindebeschleuniger,ˈapbˌɪndəbˌɛʃlɔønˌɪɡɜ,curing accelerator,,,constr.,0,
Abbindebeschleunigung,ˈapbˌɪndəbˌɛʃlɔønˌɪɡʊŋ,"curing acceleration , hardening acceleration",,,constr.,0,
Abbindedauer,ˈapbˌɪndədˌaʊɜ,setting time,,,constr.,0,
Abbindeenergie,ˈapbˌɪndəˌɛnɜɡˌiː,setting energy,,,constr.,0,
Ligatur,lˌiːɡatˈuːɾ,"ligation , ligature",,,med.,0,"Unterbindung, Abbinden, Unterbinden"
Abbinden,ˈapbˌɪndən,setting,,,constr.,0,
Abbindelager,ˈapbˌɪndəlˌɑːɡɜ,curing area,,,constr.,0,Abbindeplatz
Abbindeverlauf,ˈapbˌɪndəfɜlˌaʊf,"setting process , curing process",,,constr.,0,"Abbindevorgang, Abbindeprozess"
Abbindeprüfung,ˈapbˌɪndəpɾˌyːfʊŋ,setting test,,,constr.,0,
Abbindereaktion,ˈapbˌɪndərˌeːaktsjˌoːn,setting reaction,,,constr.,0,
Abbinderegulator,ˈapbˌɪndərˌeːɡuːlˌɑtoːɾ,setting control agent,,,constr.,0,
Abbindeschwindung,ˈapbˌɪndəʃvˌɪndʊŋ,setting shrinkage,,,constr.,0,
Abbindeschwund,ˈapbˌɪndəʃvˌʊnt,setting shrinkage,,,constr.,0,
Abbindesteuerung,ˈapbˌɪndəstˌɔøərˌʊŋ,"set control , setting control",,,constr.,0,
Abbindestörung,ˈapbˌɪndəʃtˌøːrʊŋ,faulty setting,,,constr.,0,
Abbindetemperatur,ˈapbˌɪndətˌɛmpeːratˌuːɾ,setting temperature,,,constr.,0,
Abbindeprüfung,ˈapbˌɪndəpɾˌyːfʊŋ,setting test,,,constr.,0,Abbindetest
Abbindeverhalten,ˈapbˌɪndəfɜhˌaltən,setting behavior,,,constr.,0,
Abbindeverzögerer,ˈapbˌɪndəfɜtsˌøːɡərɜ,"curing retardant , curing retardent",,,constr.,0,
Abbindewasser,ˈapbˌɪndəvˌasɜ,setting water,,,constr.,0,
Hydratationswärme,hˈydɾatatsjˌoːnsvɛɾmə,"hydration heat , heat of hydration",,,chem.,0,Abbindewärme
Abbindewärme,ˈapbˌɪndəvˌɛɾmə,maturing heat,,,constr.,0,
Abbindezeit,ˈapbˌɪndətsˌaɪt,setting time,,,constr.,0,
Abbindezeit,ˈapbˌɪndətsˌaɪt,water curing,,,constr.,0,
Ligaturfaden,lˈiːɡatˌ??fɑːdən,"ligature thread , ligature",,,med.,0,"Unterbindungsfaden, Abbindungsfaden"
Abblaseabsperrventil,ˈapblˌɑzeːˌapʃpɜvəntˌiːl,"pressurizer relief stop valve , relief isolation valve , turbine bypass valve , turbine by-pass blow-off valve",,,techn.,0,
Abblasetank,ˈapblˌɑzeːtˌaŋk,"pressurizer relief tank , pressure relief tank",,,techn.,0,Abblasebehälter
Abblasebehälterkühler,ˈapblˌɑzeːbˌeːɛltɜkˌyːlɜ,pressurizer relief tank cooler,,,techn.,0,
Abblasebehälterkühler,ˈapblˌɑzeːbˌeːɛltɜkˌyːlɜ,pressurizer relief tank coolers,,,techn.,0,
Abblasedampf,ˈapblˌɑzeːdˌampf,blow-off steam,,,techn.,0,
Abblasedruck,ˈapblˌɑzɛdɾˌʊk,"blowing-off pressure , valving pressure",,,"Am., techn.",0,
Abblasedruckregler,ˈapblˌɑzɛdɾˌʊkɾɛɡlɜ,blow-off pressure regulator,,,techn.,0,
Abblaseeinrichtung,ˈapblˌɑzeːˌɪnrɪçtˌʊŋ,"blow-off system , exhaust system , by-pass system",,,techn.,0,
Abblaseeinrichtung,ˈapblˌɑzeːˌɪnrɪçtˌʊŋ,atmospheric relief system,,,mach.,0,
Abblasegrenzdruckregler,ˈapblˌɑzɛɡɾˌɛntsdɾʊkɾˌɛɡlɜ,steam back-pressure regulator,,,techn.,0,
Abblasehaube,ˈapblˌɑzeːˌaʊbə,relief hood,,,"mach., atmospheric",0,
Abblaseleistung,ˈapblˌɑzəlˌaɪstʊŋ,discharge capacity,,,mach.,0,
Abblaseleitung,ˈapblˌɑzəlˌaɪtʊŋ,"exhaust pipe , pressure relief line , blow-off piping , compressor bleed air pipe",,,techn.,0,
Abblasemast,ˈapblˌɑzeːmˌast,vent mast,,,naut.,0,
Abblasemenge,ˈapblˌɑzeːmˌɛŋə,blowdown rate,,,techn.,0,
Abblasemengen,ˈapblˌɑzeːmˌɛŋən,blowdown rates,,,techn.,0,
Abblaseregelung,ˈapblˌɑzeːrˌeːɡəlˌʊŋ,relief control system,,,techn.,0,
Abblaseregelungen,ˈapblˌɑzeːrˌeːɡəlˌʊŋən,relief control systems,,,techn.,0,
Abblaseregelventil,ˈapblˌɑzeːrˌeːɡəlvəntˌiːl,blow-off control valve,,,techn.,0,
Durchblaserohr,d??çblˈɑzeːrˌoːɾ,blow-off pipe,,,techn.,0,"Abblaserohr, Ausblaserohr"
Abblaseschalldämpfer,ˈapblˌɑzɛʃˌaldɛmpfɜ,blowdown silencer,,,techn.,0,
Abblaseventil,ˈapblˌɑzeːvəntˌiːl,blow-off valve,,,techn.,0,Abblaseschieber
Abblaseschnellschlußventil,ˈapblˌɑzɛʃnˌɛlʃlʊsvəntˌiːl,by-pass stop valve,,,"alt, techn.",0,Abblaseschnellschlussventil
Abblaseschubventil,ˈapblˌɑzɛʃˌʊbvəntˌiːl,"diverter valve , air control valve",,,auto,0,
Abblasestation,ˈapblˌɑzɛstatsjˌoːn,atmospheric steam dump station,,,techn.,0,
Abblasesteuerung,ˈapblˌɑzɛstˌɔøərˌʊŋ,blow-off control,,,techn.,0,
Abblasetauchspulregler,ˈapblˌɑzeːtˌaʊxspʊlrˌɛɡlɜ,by-pass solenoid-type controller,,,techn.,0,
Umluftventil,ˈʊmlˌʊftvɛntˌiːl,"turbo-relief valve , anti-surge valve , blow-off valve , bypass valve",,,auto,0,Abblaseventil
Abblaseverhältnisdruckregler,ˈapblˌɑzeːfɜhˌɛltnɪsdɾˌʊkɾɛɡlɜ,differential by-pass pressure regulator,,,techn.,0,
Abblasevorrichtung,ˈapblˌɑzeːvˌɔrɪçtˌʊŋ,blow-off device,,,techn.,0,
Abblenden,ˈapblˌɛndən,"dipping   , dimming",,,"auto, Br., Am.",0,
Abblenden,ˈapblˌɛndən,stopping down,,,photo.,0,
Abblendlicht,ˈapblˌɛndlɪçt,"dipped / dimmed headlights/lights , dipped / low beam(s)/beam light , passing beam",,,auto,2,
Abblendrelais,ˈapblˌɛndɾəlˌaɪs,dimmer relay,,,auto,0,
Abblendschalter,ˈapblˌɛndʃaltɜ,"dip switch   , dipper   , dimmer switch",,,"auto, Br., Am.",0,
Abbolzung,ˈapbˌɔltsʊŋ,propping,,,constr.,0,
Abbrand,ˈapbɾˌant,loss of contact material,,,electr.,0,
Aufbruch,ˈaʊfbɾˌʊx,decampment,,,mil.,0,"Abbrechen des Lagers, Aufbrechen"
Abbrecherin,ˈapbɾˌɛçərˌɪn,dropout,,,"stud., school",0,Abbrecher
Abbremsplatz,ˈapbɾˌɛmsplats,run-up area,,,aviat.,0,
Abbrechversuch,ˈapbɾˌɛçfɜzˌuːx,break-off test,,,constr.,0,
Abbremsstelle,ˈapbɾˌɛmsʃtɛlə,run-up position,,,aviat.,0,
Abbremszeit,ˈapbɾˌɛmstsaɪt,deceleration time,,,comp.,0,
Abbrenneinrichtung,ˈapbɾˌɛnaɪnrˌɪçtʊŋ,trap oxidizer,,,auto,0,
Abbrennrate,ˈapbɾɛnrˌɑːtə,burn-off rate,,,auto,0,
Abbrenntemperatur,ˈapbɾˌɛntɛmpˌeːratˌuːɾ,temperature of burn-off,,,techn.,0,
Abbrennzeit,ˈapbɾˌɛntsaɪt,flashing time,,,techn.,0,
Abbrennzeit,ˈapbɾˌɛntsaɪt,duration of burn-off,,,techn.,0,
Abbrennstumpfschweißen,ˈapbɾˌɛnstʊmpfʃvˌaɪsən,"flash butt welding , flash welding",,,techn.,0,
musikalische Wiederholungszeichen,muːziːkˈɑlɪʃə viːdɜhˈoːlʊŋstsˌaɪçən,"music abbreviations, signs of repetition",,,mus.,0,Abbreviaturen
Abhalten,ˈaphˌaltən,dissuasion,,,psych.,0,Abbringen
Absplittern,ˈapʃplˌɪtɜn,"spalling-off , spalling",,,geol.,0,"Abplatzen, Abbröckeln, Abblättern"
Abbröckelung,ˈapbɾˌœkəlˌʊŋ,crumbling away,,,geol.,0,
Schleifen,ʃlˈaɪfən,"demolition , demolishment , pulling down , tearing down , razing , demo",,,"coll., constr.",0,"Abbruch, Abriss"
Abbruch,ˈapbɾˌʊx,"break-off , stop , stopping",,,sport,0,
Abbruch,ˈapbɾˌʊx,termination,,,chem.,0,
Abbruch,ˈapbɾˌʊx,"broken-down bank , subsidence of shore",,,geol.,0,
Trunkierung,tɾʊnkˈiːrʊŋ,truncation,,,math.,0,"Abschneiden der Nachkommastellen, Abbruch der Ziffernfolge"
Abbruch,ˈapbɾˌʊx,abandonment,,,comp.,0,
Abbruchabfall,ˈapbɾˌʊxapfˌal,demolition waste,,,constr.,0,
Abbruchbedingung,ˈapbɾˌʊxbədˌɪŋʊŋ,termination condition,,,comp.,0,
Abbruchbagger,ˈapbɾˌʊxbaɡɜ,demolition excavator,,,constr.,0,
Abbruchbeton,ˈapbɾˌʊxbeːtˌoːn,demolition concrete,,,constr.,0,
Entzugsblutung,ɛnttsˈuːksbluːtˌʊŋ,withdrawal bleeding,,,med.,0,Abbruchblutung
Abbrechfehler,ˈapbɾˌɛçfeːlɜ,truncation error,,,math.,0,Abbruchfehler
Abbruchunternehmen,ˈapbɾˌʊxʊntɜnˌeːmən,"demolition company , house breaker   , wrecking company   , housewrecker   , wrecker",,,"Br., constr., Am.",0,Abbruchfirma
Abrisskante,ˈapɾɪskˌantə,scarped ridge,,,geol.,0,"Bruchkante, Abbruchkante"
Sprengtrupp,ʃpɾˈɛŋtɾʊp,demolition squad,,,constr.,0,"Sprengkommando, Abbruchkolonne"
Abbruchkosten,ˈapbɾˌʊxkɔstən,demolition costs,,,"fin., constr.",0,
Abbruchkriterium,ˈapbɾˌʊxkɾiːtˌeːriːˌʊm,truncation criterion,,,math.,0,
Abbruchmakro,ˈapbɾʊxmˌakɾoː,abort macro,,,comp.,0,
Abbruchmaterial,ˈapbɾˌʊxmatˌeːriːˌɑːl,demolition material,,,constr.,0,
Abbruchplan,ˈapbɾʊxplˌɑːn,demolition plan,,,constr.,0,
Abbruchplaner,ˈapbɾʊxplˌɑːnɜ,demolition planner,,,constr.,0,
Abbruchplanung,ˈapbɾˌʊxplanˌʊŋ,demolition planning,,,constr.,0,
Abbruchprojekt,ˈapbɾˌʊxpɾoːjˌɛkt,demolition project,,,constr.,0,
Abbruchvorgang,ˈapbɾˌʊxfoːɾɡˌaŋ,demolition process,,,constr.,0,Abbruchprozess
Abbruchreaktion,ˈapbɾˌʊxreːaktsjˌoːn,termination reaction,,,chem.,0,
Abbruchlöffel,ˈapbɾˌʊxlœfəl,demolition bucket,,,constr.,0,Abbruchschaufel
Abbruchschere,ˈapbɾˌʊxʃərə,demolition shears,,,constr.,0,
Abbruchschutt,ˈapbɾˌʊxʃʊt,demolition debris,,,constr.,0,
Abbruchsimulation,ˈapbɾˌʊxziːmˌuːlatsjˌoːn,"demolition simulation , simulation of demolition",,,constr.,0,
Abbruchspezialist,ˈapbɾˌʊxspeːtsˌiːalˌɪst,demolition specialist,,,constr.,0,
Abbruchstelle,ˈapbɾˌʊxʃtɛlə,fracture,,,"min., geol.",0,
Abbruchtechniker,ˈapbɾˌʊxtɛçnˌɪkɜ,demolition engineer,,,constr.,0,
Abbruchüberwachung,ˈapbɾˌʊxyːbɜvˌaxʊŋ,demolition monitoring,,,constr.,0,
Abbruchverfahren,ˈapbɾˌʊxfɛɾfˌɑːrən,abort procedure,,,aviat.,0,
Abbruchaufschub,ˈapbɾˌʊxaʊfʃˌuːp,demolition delay,,,constr.,0,Abbruchverzögerung
Abbruchwerkzeug,ˈapbɾˌʊxvɜktsˌɔøk,demolition tool,,,constr.,0,
Abbruchzone,ˈapbɾʊxtsˌoːnə,shear zone,,,geol.,0,
Abbuchen von Kleinstbeträgen,ˈapbˌuːxən fɔn klˈaɪnstbɛtɾˌɛːɡən,"penny shaving, salami shaving",,,betrügerisches,0,Betrug mit Kleinstabbuchungen
Belastung,bəlˈastʊŋ,"debit , charge",,,fin.,0,Abbuchung
ABC-Abwehr,ˌɑːbˌeːtsˈeː ˈapvˌeːɾ,"NBC defence   , NBC defense",,,"Br., mil., Am.",0,
ABC-Profil,ˌɑːbˌeːtsˈeː pɾoːfˈiːl,A-B-C profile,,,envir.,0,
I-Dotz,ˈiː dˈɔts,abecedarian,,,Mittelwestdt.,0,"Taferlklassler, Abc-Schütze, I-Dötzchen"
I-Dötzchen,ˈiː dˈœtsçən,abecedarian,,,Mittelwestdt.,0,"Taferlklassler, Abc-Schütze, I-Dotz"
Taferlklassler,tˈɑfɜlklˌaslɜ,abecedarian,,,"Ös., Südwestdt.",0,"Abc-Schütze, I-Dötzchen, I-Dotz"
Tafelkratzer,tˈɑfəlkɾˌatsɜ,abecedarian,,,"humor., Ös., school",0,"Taferlklassler, Abc-Schütze, I-Dötzchen"
ABC-Spürpanzer,ˌɑːbˌeːtsˈeː ʃpˈyɾpantsɜ,"NBC reconnaissance vehicle NBCRV,  /ˌɛnbˌeːtsˈeːˌɛɾfˈaʊ/",,,mil.,0,
"atomare, biologische und chemische Waffen",atˈoːmɑːrə bˌɪoːlˈoːɡɪʃə ʊnt çˈeːmɪʃə vˈafən,"NBC weapons, nuclear, biological, and chemical weapons",,,mil.,0,ABC-Waffen
Abdampfvorwärmer,ˈapdampffˌoːɾvɛɾmɜ,"exhaust steam preheater , bleeder heater",,,techn.,0,
Abdeckband,ˈapdɛkbˌant,welt,,,textil.,0,
Kadaverbeseitiger,kˈɑdavɜbˌeːzaɪtˌɪɡɜ,"renderer , knacker",,,"Br., veraltet",0,"Schinder, Abdecker"
Kappe,kˈapə,"cover cap , cap",,,techn.,0,Abdeckkappe
Abdeckklappe,ˈapdɛklˌapə,protective cap,,,techn.,0,
Abdeckmutter,ˈapdɛkmˌʊtɜ,cover nut,,,techn.,0,
Abdeckstein,ˈapdɛkʃtˌaɪn,copestone,,,arch.,0,Abdeckplatte
Abdeckplatte aus Beton,ˈapdɛkplˌatə ˌaʊs bətˈoːn,concrete coping slab,,,constr.,0,
Abdeckschraube,ˈapdɛkʃrˌaʊbə,cover screw,,,techn.,0,
Abdeckziegel,ˈapdɛktsˌiːɡəl,capping tile,,,constr.,0,
Rückwand,rˈykvant,"rear cover , rear panel , backplate",,,"comp., techn.",0,rückseitige Abdeckung
Abdichtung,ˈapdɪçtˌʊŋ,sealing,,,"constr., techn.",0,Abdichten
Abdichten,ˈapdɪçtən,waterproofing,,,constr.,0,
Abdichtung des Pulverraums,ˈapdɪçtˌʊŋ dɛs pˈʊlfɜrˌaʊms,obturation,,,mil.,0,
Abdichthülse,ˈapdɪçtˌylzə,sealing bush,,,techn.,0,
Abdichtungsmaterial,ˌapdɪçtˌʊŋsmatˌeːriːˈɑːl,sealing material,,,constr.,0,
Abdominallavage,ˌapdoːmiːnˈɑːlavˌɑːɡə,irrigation of the abdominal cavity,,,med.,0,
Abdominalsegment,ˌapdoːmiːnˈɑːlzɛɡmˈɛnt,abdominal segment,,,anat.,0,
Abdriftschreiber,ˈapdɾɪftʃrˌaɪbɜ,drift recorder,,,aviat.,0,Abdrängungsschreiber
Abdrehen,ˈapdɾeːən,turning,,,techn.,0,
Abdrückmutter,ˈapdɾykmˌʊtɜ,jacknut,,,techn.,0,
Abdrückschraube,ˈapdɾykʃrˌaʊbə,"forcing screw , pulling-off screw   , pulling screw",,,"Am., techn.",0,
Abduktion,ˌapdʊktsjˈoːn,abduction,,,phil.,0,
Abduktionslähmung,ˈapdʊktsjˌoːnslɛːmˌʊŋ,abduction paralysis,,,med.,0,
Abduktivismus,ˌapdʊktiːvˈɪsmʊs,abductivism,,,phil.,0,
Abduktor,apdˈʊktoːɾ,abductor,,,anat.,0,
Abelit,ˌɑbəlˈɪt,abelite,,,mil.,0,
Abelson-Tukey-Score-Test,ˈɑbəlzˌoːn tˈuːkaɪ skˈoːrə tˈɛst,Abelson-Tukey score test,,,statist.,0,
werktags abends,vˈɛɾktɑːks ˈɑːbənts,"on weekday nights, on weeknights",,,geh.,0,abends unter der Woche
Abendgottesdienst,ˈɑːbəndɡˌɔtɛsdˌiːnst,"Evening prayer , evensong",,,relig.,0,Abendandacht
Dämmer,dˈɛmɜ,"dusk , evening twilight , twilight , gloaming",,,"geogr., poet., Sc.",1,"Abenddämmerung, Dämmerung"
Nachtmahl,nˈaxtmɑːl,"supper , evening meal",,,Ös.,0,"Nachtessen, Abendbrot, Abendessen"
Nachtessen,nˈaxtɛsən,"supper , evening meal",,,Ös.,0,"Abendbrot, Nachtmahl, Abendessen"
Znacht,tsˈɛtnˈaxt,"supper , evening meal",,,Schw.,0,"Nachtessen, Abendbrot, Nachtmahl"
kaltes Abendessen mit Tee,kˈaltəs ˈɑːbəndˌɛsən mɪt tˈeː,high tea,,,"cook., Br.",0,
Abendgottesdienst,ˈɑːbəndɡˌɔtɛsdˌiːnst,evening service,,,relig.,0,
Abendkarte,ˈɑːbəntkˌaɾtə,evening menu,,,cook.,0,
Abendkassa,ˌɑːbəntkˈasɑː,"evening box office , box office",,,Ös.,1,"Kassa, Abendkasse, Kasse"
Kassa,kˈasɑː,"evening box office , box office",,,Ös.,0,"Abendkasse, Kasse, Abendkassa"
Eucharistie,ˌɔøçarɪstˈiː,"Lord's Supper , Holy Communion , Blessed Sacrament , Sacrament of the Altar , Eucharist",,,relig.,0,"heilige Kommunion, Altarssakrament, Abendmahl"
Abendmahlsgottesdienst,ˈɑːbəndmˌɑːlsɡɔtˌɛsdiːnst,Communion service,,,relig.,0,
Abendmahlswein,ˈɑːbəndmˌɑːlsvaɪn,Communion wine,,,relig.,0,
Abendgottesdienst,ˈɑːbəndɡˌɔtɛsdˌiːnst,evening mass,,,relig.,0,Abendmesse
Abendpfauenauge,ˈɑːbəntpfˌaʊənˌaʊɡə,eyed hawkmoth,,,zool.,0,
Abendröte,ˈɑːbəndɾˌøːtə,"sunset glow , red sunset",,,"meteo., poet.",0,Abendrot
Abendgymnasium,ˌɑːbəndɡymnˈɑziːˌʊm,"evening classes , night school",,,school,0,Abendschule
Abendsegler,ˈɑːbəndzˌɛɡlɜ,noctule bat,,,zool.,0,
Abendstern,ˈɑːbəntstɜn,evening star,,,astron.,0,
Abendstudium,ˌɑːbəntstˈuːdiːˌʊm,evening course,,,stud.,0,
Abendunterricht,ˈɑːbəndˌʊntɜrˌɪçt,night school,,,school,0,
eine besoffene Geschichte,ˌaɪnə bəzˈɔfənə ɡəʃˈɪçtə,a drunken escapade,,,ugs.,0,
Entziehung,ɛnttsˈiːʊŋ,"deprivation , deprival , denial , disallowance , disallowing",,,adm.,0,"Entzug, Aberkennung"
Aberregung von Atomen,Molekülen,de-exciting of atoms/molecules,,,phys.,0,
Abessinienkrieg,ˈɑbɛsˌiːniːŋkɾˌiːk,"Second Italo-Ethiopian War , Second Italo-Abyssinian War",,,"hist., mil.",0,
Abessiv,ˌɑbɛsˈiːf,"abessive case , abessive",,,ling.,0,
Abliegen,ˈaplˌiːɡən,"set-off , blotting",,,print,0,"Abfärben, Abschmieren"
Abfackelmast,ˈapfˌakəlmˌast,"flare conduit , flare",,,chem.,0,
Abfackeln,ˈapfˌakəln,flaring,,,chem.,0,Abfackelung
rasanter Skifahrer,razˈantɜ skˈiːfɑːrɜ,"schusser , schussboomer",,,sport,0,guter Abfahrer
Abfahrvorgang,ˈapfˌɑːɾfoːɾɡˌaŋ,shutdown procedure,,,techn.,0,
Abflug,ˈapflˌuːk,"departure dep.,  /dˈeːp/",,,transp.,1,Abfahrt
Abfahrtshocke,ˈapfˌɑːɾtshɔkə,downhill position,,,sport,0,
Abfahrtsrennen,ˈapfˌɑːɾtsrɛnən,"downhill ski run , downhill , downhill racing",,,sport,0,Abfahrtslauf
Abfahrtsläuferin,ˈapfˌɑːɾtslɔøfərˌɪn,downhill racer,,,sport,0,Abfahrtsläufer
Abflugzeit,ˈapflˌuːɡtsaɪt,"time of departure , departure time",,,transp.,0,"Abflugszeit, Abfahrtszeit"
Müll,mˈyl,"refuse , rubbish   , garbage   , trash",,,"Dt., Br., Ös.",1,"Mist, Güsel, Abfall"
Mist,mˈɪst,"refuse , rubbish   , garbage   , trash",,,"Br., Ös., Am.",0,"Kehricht, Müll, Güsel"
Kehricht,kˈeːrɪçt,"refuse , rubbish   , garbage   , trash",,,"Schw., Br., BW",0,"Mist, Müll, Güsel"
Güsel,ɡˈyːzəl,"refuse , rubbish   , garbage   , trash",,,"Schw., Br., Am.",0,"Mist, Müll, Abfall"
Müll,mˈyl,waste,,,envir.,0,Abfall
Abfall,ˈapfˌal,litter,,,herumliegender,0,Straßenabfall
Abfall,ˈapfˌal,versant,,,geogr.,1,
Ansteigen,ˈanʃtˌaɪɡən,slant,,,geogr.,0,Abfall
Renegatentum,rˈeːneːɡˌɑtəntˌuːm,apostasy,,,geh.,0,"Apostasie, Abfall vom Glauben, Abtrünnigkeit"
Apostasie,ˌɑpɔstazˈiː,apostasy,,,"relig., geh.",0,"Abfall vom Glauben, Renegatentum, Abtrünnigkeit"
fixieren,fɪksˈiːrən,"solidify , stabilize , fix , immobilize waste",,verb,envir.,0,"Abfall verfestigen, stabilisieren"
Schuttabladen,ʃˈʊtablˌɑːdən,"waste dumping , waste tipping",,,"Br., envir.",0,"Abfallablagerung, Müllablagerung"
Abfallanalytik,ˈapfˌalanˌɑːlˌyːtiːk,waste analytics,,,envir.,0,
Abfallart,ˈapfˌalaɾt,"type of waste , waste type",,,envir.,0,
Abfallbehandlung,ˈapfˌalbeːˌandlʊŋ,"refuse treatment , waste treatment",,,"envir., solid-",0,
Abfallaufbereitung,ˈapfˌalaʊfbˌeːraɪtˌʊŋ,waste processing,,,envir.,0,
Abfallaufbereitungsanlage,ˈapfˌalaʊfbˌeːraɪtʊŋsˌanlɑːɡə,"waste processing plant , waste recycling plant",,,envir.,0,
Müllbehälter,mˈylbeːˌɛltɜ,"waste receptacle , litter receptacle   , trash receptacle   , waste box",,,"Br., envir., Am.",0,Abfallbehälter
Abfallbelastung,ˈapfˌalbəlˌastʊŋ,"waste load , waste loading",,,envir.,0,
Entsorgungsunternehmen,ɛntzˈɔɾɡʊŋsˌʊntɜnˌeːmən,waste disposal company,,,envir.,0,"Abfallbeseitigungsfirma, Entsorgungsfirma, Entsorgungsfachbetrieb"
Abfallbeseitigungsgesetz,ˈapfˌalbeːzˌaɪtɪɡˌʊŋsɡəzˌɛts,Waste Disposal Act,,,jur.,0,
Abfallchemikalie,ˈapfˌalçeːmˌiːkalˌiː,waste chemical,,,envir.,0,
abfallender Verlauf,ˈapfˌaləndɜ fɛɾlˈaʊf,"decline , downgrade",,,"geogr., constr., Am.",0,"Abfallen, Gefälle"
Abfaller,ˈapfˌalɜ,drop dive,,,sport,0,
Mistkübel,mˈɪstkyːbəl,"container bin , waste bin   , kitchen bin",,,"Br., Ös.",0,"Abfallkübel, Müllkübel, Abfalleimer"
Müllkübel,mˈylkyːbəl,"container bin , waste bin   , kitchen bin",,,"Br., Ös.",0,"Mistkübel, Abfallkübel, Abfalleimer"
Kehrichteimer,kˈeːrɪçtˌaɪmɜ,"container bin , waste bin   , kitchen bin",,,"Schw., envir., Br.",0,"Mistkübel, Abfallkübel, Müllkübel"
Müllentsorgungsanlage,mˈyləntzˌɔɾɡʊŋsˌanlɑːɡə,"waste disposal facility , waste disposal plant",,,envir.,0,Abfallentsorgungsanlage
Abfallabgabe,ˈapfˌalabɡˌɑːbə,"waste disposal charge , waste disposal fee",,,Dt.,0,"Abfallentsorgungsgebühr, Abfallgebühr, Müllgebühr"
Müllgebühr,mˈylɡeːbˌyːɾ,"waste disposal charge , waste disposal fee",,,"adm., Ös., envir.",0,"Abfallabgabe, Abfallentsorgungsgebühr, Abfallgebühr"
Abfallfresser,ˈapfˌalfrɛsɜ,"detritivore , detritus feeder , detritus-feeding animal",,,zool.,0,
Abfallgesetz,ˈapfˌalɡeːzˌɛts,Waste Disposal Act,,,jur.,0,
Abfallgesetze,ˈapfˌalɡeːzˌɛtsə,waste legislation,,,jur.,0,Abfallgesetzgebung
Abfallgitter,ˈapfˌalɡɪtɜ,"waste skeleton , matrix",,,techn.,0,
Abfallkorb,ˈapfˌalkɔɾp,litter basket,,,"Br., envir.",0,
Abfallmaterial,ˈapfˌalmatˌeːriːˌɑːl,waste material,,,envir.,0,
Müllmenge,mˈylmɛŋə,"waste quantity , quantity of waste",,,envir.,0,Abfallmenge
Sammelsystem,zˈaməlzystˌeːm,"waste collection system , collection system",,,envir.,0,"Abfallsammelsystem, Müllsammelsystem"
Müllsammeltechniken,mˈylzamˌɛltɛçnˌɪkən,waste collection techniques,,,envir.,0,Abfallsammeltechniken
Müllsammlung,mˈylzamlˌʊŋ,"public waste collection , waste collection",,,envir.,0,öffentliche Abfallsammlung
Kämmlinge,kˈɛmlɪŋə,"silk waste , waste silk",,,textil.,0,"Abfallseide, Seidenabfallfasern, Seidenabfall"
Abfallstoffe,ˈapfˌalstɔfə,waste substances,,,envir.,0,
Abproduktnutzung,ˈappɾoːdˌʊktnʊtsˌʊŋ,"waste recycling , waste utilization , reuse of waste",,,envir.,0,"Abfallverwertung, Abfallrecycling, Abfallwiederverwertung"
Abfallbewirtschaftung,ˈapfˌalbeːvˌɪɾtʃaftˌʊŋ,waste management,,,envir.,0,Abfallwirtschaft
Abfallwirtschaftsberatung,ˈapfˌalvɪɾtʃˌaftsbeːrˌɑtʊŋ,"waste management counselling   , waste management counseling",,,"Br., envir., Am.",0,
Wertstoffhof,vˈɛɾtstɔfhˌoːf,"recycling centre   , recycling center   , recycling yard , household waste recycling centre / center   HWRC,  /hˌɑːvˌeːˌɛɾtsˈeː/ , civic amenity site , CA site",,,"Dt., Br., envir.",0,"Altstoffhof, Altstoffsammelstelle, Altstoffzentrum"
Abfallwirtschaftskapazitäten,ˈapfˌalvɪɾtʃˌaftskapˌɑtsiːtˌɛːtən,waste management capacities,,,envir.,0,
Abfallwirtschaftskonzept,ˈapfˌalvɪɾtʃˌaftskɔntsˌɛpt,waste management concept,,,envir.,0,
Abfangeinsatz,ˈapfˌaŋaɪnzˌats,"intercept , intercept mission",,,"aviat., mil.",0,
Abwerfen,ˈapvˌɛɾfən,line lockout,,,telco.,0,Abfangen
Abfangen und Ausschweben,ˈapfˌaŋən ʊnt ˈaʊsʃvˌeːbən,"flare-out , flattening-out",,,aviat.,0,
Abfangen,ˈapfˌaŋən,interception,,,mil.,2,
Abfangjagd,ˈapfˌaŋjɑːkt,interception,,,"aviat., mil.",0,
Abfangjäger,ˈapfˌaŋjɛːɡɜ,"interceptor aircraft , interceptor , intercepter",,,mil.,0,
Abfangklappe,ˈapfˌaŋklapə,recovery flap,,,aviat.,0,
Abfangtau,ˈapfˌaŋtaʊ,safety rope,,,mach.,0,
Abfangventil,ˈapfˌaŋvəntˌiːl,intercept valve,,,techn.,0,
Abferkelbereich,ˈapfˌɛɾkəlbərˌaɪç,farrowing area,,,agr.,0,
Abferkelbucht,ˈapfˌɛɾkəlbˌʊxt,"farrowing pen , sow stall",,,agr.,0,
Abferkelung,ˈapfˌɛɾkəlˌʊŋ,farrowing,,,agr.,0,Abferkeln
Abferkelstall,ˈapfˌɛɾkəlstˌal,farrowing house,,,agr.,0,
Kastenstand,kˈastənstˌant,"farrowing crate , gestation crate",,,agr.,0,Abferkelstand
die Federn,diː fˈeːdɜn,"springing , spring system",,,techn.,0,"Abfederung, Federsystem"
schnelle Erledigung,ʃnˈɛlə ɛɾlˈeːdɪɡˌʊŋ,dispatch,,,adm.,0,schnelle Abfertigung
Abfertigungsbüro für Fluggäste in der Stadt mit Flughafentransfer,ˈapfˌɛɾtɪɡˌʊŋsbyːrˌoː fyːɾ flˈuːɡɡɛstə ɪn dɛɾ ʃtˈat mɪt flˈuːɡhafˌɛntɾansfɜ,"downtown air terminal  , air terminal",,,"transp., Br.",0,
Abfertigungsbereich,ˈapfˌɛɾtɪɡˌʊŋsbərˌaɪç,"check-in hall , check-in area",,,aviat.,0,Abfertigungshalle
Abfeuerpunkt,ˈapfˌɔøɜpˌʊŋkt,shot point,,,mil.,0,
Abfeuerungsvorrichtung,ˈapfˌɔøərˌʊŋsfoːɾrˌɪçtʊŋ,"firing device , firing mechanism , trigger action",,,mil.,0,
goldener Händedruck,ɡˈɔldənɜ hˈɛndɛdɾˌʊk,golden handshake,,,"übtr., fig.",0,hohe Abfindung
Abflacher,ˈapflˌaxɜ,smoothing filter,,,electr.,0,Abflachschaltung
Abflachung,ˈapflˌaxʊŋ,flattening,,,math.,2,
Abflachung,Abplattung an den Polen,oblateness,,,math.,0,
Glätt…,ɡlˈɛt,smoothing …,,,electr.,0,"Glättungs…, Abflachungs…"
Abflug- und Landeplatz,ˈapflˌuːk ʊnt lˈandɛplˌats,pad,,,aviat.,0,
Abfluganweisungen,ˈapflˌuːɡanvˌaɪzʊŋən,departure instructions,,,aviat.,0,
Abflugfreigabe,ˈapflˌuːɡfraɪɡˌɑːbə,departure clearance,,,aviat.,0,
Abflugbereich,ˈapflˌuːɡbərˌaɪç,"departure lounge , departure hall , departure concourse , departure area",,,aviat.,0,Abflughalle
Abflugkurs über Grund,ˈapflˈuːɡkˌuːɾs ˌyːbɜ ɡɾˈʊnt,outbound track,,,aviat.,0,
Abflugpunkt,ˈapflˌuːɡpʊŋkt,take-off position,,,aviat.,0,
Abflugraster,ˈapflˌuːɡɾastɜ,slot,,,aviat.,0,
Abflugsektor,ˈapflˌuːɡzˌɛktoːɾ,take-off climb area,,,aviat.,0,
Abflugort,ˈapflˌuːɡɔɾt,"location of departure , departure point , point of departure",,,aviat.,0,Abflugsort
Abflugstrecke,ˈapflˌuːɡstɾɛkə,departure route,,,aviat.,0,
Abflugteil,ˈapflˌuːɡtaɪl,departure leg,,,aviat.,0,
Abflugterminal,ˈapflˈuːɡtɜmiːnˌɑːl,departure terminal,,,aviat.,0,
Abflugverfahren,ˈapflˌuːɡfɛɾfˌɑːrən,departure procedure,,,aviat.,0,
Abflugzone,ˈapflˈuːɡtsˌoːnə,departure zone,,,aviat.,0,
abfließendes Wasser,ˈapflˌiːsəndəs vˈasɜ,effluent,,,envir.,0,Abfluss
Abfluss,ˈapflˌʊs,"run-off , runoff , flow",,,envir.,2,
Abfluss,ˈapflˌʊs,"outward flow , outflow",,,econ.,2,
Abflussbildung,ˈapflˌʊsbɪldˌʊŋ,"run-off formation , runoff formation",,,envir.,0,
Abflussdaten,ˈapflʊsdˌɑːtən,"discharge data, streamflow data, flow data",,,envir.,0,
Abflussdauerlinie,ˈapflˌʊsdaʊɜlˌiːnɪə,"discharge duration curve , flow duration curve",,,envir.,0,Abflussdauerkurve
Abflussfaktor,ˈapflʊsfˌaktoːɾ,runoff coefficient,,,envir.,0,
Abflusshindernisse,ˈapflˌʊshɪndɜnˌɪsə,flow obstruction,,,envir.,1,Abflusshindernis
Abflussjahr,ˈapflˌʊsjɑːɾ,"water year , hydrological year",,,envir.,0,
Abflusskanal,ˈapflˌʊskanˌɑːl,"drain channel , catch drain , side channel , effluent channel",,,constr.,0,
Abflussfaktor,ˈapflʊsfˌaktoːɾ,"run-off coefficient , runoff coefficient , discharge coefficient",,,envir.,0,"Abflusskoeffizient, Abflussbeiwert, Abflusskennzahl"
Abflusskurve,ˈapflˌʊsk??və,"discharge-rating curve , discharge curve , stage-discharge curve",,,envir.,0,Abflussmengenkurve
Abflussmessnetz,ˈapflˌʊsmɛsnˌɛts,discharge measurement network,,,envir.,0,
Abflussmessung,ˈapflˌʊsmɛsˌʊŋ,"discharge measurement/gauging , streamflow measurement/gauging , flow measurement , stream gauging",,,envir.,0,
höchster Abflusswert,hˈœkstɜ ˈapflˌʊsveːɾt,peak run-off,,,envir.,0,"Abflussspitze, Spitzenabfluss, Abflussextrem"
Abfluss,ˈapflˌʊs,outlet,,,geogr.,1,Abflussstelle
Abflussregime,ˈapflˌʊsreːɡˌiːmə,"discharge pattern , discharge regime",,,envir.,0,
Abflusstabelle,ˈapflˌʊsʃtabˌɛlə,discharge table,,,envir.,0,
Fließtiefe,flˈiːstiːfə,"depth of flow , flow depth",,,envir.,0,Abflusstiefe
Abflussverhalten,ˈapflˌʊsfɜhˌaltən,"run-off/runoff characteristics , run-off/runoff conditions",,,envir.,0,
Durchflusskapazität,d??çflˌʊskapˌɑːtsiːtˈɛːt,"water-carrying capacity , discharge capacity , channel capacity , hydraulic capacity",,,envir.,0,"Abflussvermögen, Durchflussvermögen, Abflusskapazität"
Abflussverzögerung,ˈapflˌʊsfɜtsˌøːɡərˌʊŋ,flow retardation,,,envir.,0,
Wasserfracht,vˈasɜfrˌaxt,"run-off/runoff volume , cumulative run-off/runoff , total discharge",,,envir.,0,"Abflussfracht, Abflussvolumen, Abflusssumme"
Abflussprognose,ˈapflˌʊspɾɔɡnˌoːzə,"streamflow forecast , flow forecast , discharge forecast , discharge prediction",,,envir.,0,Abflussvorhersage
Abformen,ˈapfˌɔɾmən,"moulding   , molding",,,"Br., Am., techn.",0,
Nachguss,nˈaxɡʊs,second cast,,,techn.,0,Abformung
Abfrage,ˈapfrˌɑːɡə,"query , interrogation",,,comp.,1,
Abfrage,ˈapfrˌɑːɡə,request,,,comp.,1,
Abfragebefehl,ˈapfrˌɑɡeːbˌeːfeːl,interrogation command,,,"comp., telco.",0,
Abfragebetrieb,ˈapfrˌɑɡeːbˌɛtɾiːp,ring down junction,,,telco.,0,
Abfragedatum,ˈapfrˌɑɡeːdˌɑtuːm,date of query,,,comp.,0,
Abfrageeditor,ˈapfrˌɑɡeːdˌiːtoːɾ,query editor,,,comp.,0,
Abfrageergebnis,ˈapfrˌɑɡeːɾɡˌɛbnɪs,query result,,,comp.,0,
Abfragefenster,ˈapfrˌɑɡeːfˌɛnstɜ,query window,,,comp.,0,
Abfragefolge,ˈapfrˌɑɡeːfˌɔlɡə,interrogation sequence,,,techn.,0,
Abfragefrequenz,ˈapfrˌɑɡɛfreːkvˌɛnts,interrogation frequency,,,"techn., telco.",0,
Abfrageimpuls,ˈapfrˌɑɡaɪmpˌuːls,read impulse,,,comp.,0,
Abfrageimpulspaar,ˈapfrˌɑɡaɪmpˌʊlspɑːɾ,interrogation pulse pair,,,techn.,0,
Abfragegerät,ˈapfrˌɑɡeːɡərˌɛːt,"query station , inquiry station , retrieval terminal",,,comp.,0,"Abfragestation, Abfrageendgerät, Abfrageplatz"
Abfragequote,ˈapfrˌɑɡeːkvˌoːtə,recall,,,comp.,0,
Abrufsystem,ˈapɾˌʊfzystˌeːm,retrieval system,,,comp.,1,Abfragesystem
Abfühler-Stanzer-Freigabe,ˈapfˌyːlɜ ʃtˈantsɜ frˈaɪɡɑːbə,read/punch release,,,"comp., hist.",0,
Laxativ,lˌaksatˈiːf,laxative,,,"med., pharm.",0,"Abführmittel, Laxans"
Abführmittel,ˈapfˌyːɾmɪtəl,"cathartic medicine , cathartic",,,med.,0,
Abführung,ˈapfˌyːrʊŋ,payment,,,fin.,0,
Abführung von Steuern,ˈapfˌyːrʊŋ fɔn ʃtˈɔøɜn,payment of taxes,,,fin.,0,
Abführung,ˈapfˌyːrʊŋ,eduction,,,techn.,0,
Abfüllpumpe,ˈapfˌylpʊmpə,decanting pump,,,cook.,0,
Korb,kˈɔɾp,rejection,,,ugs.,2,Abfuhr
Steuer,ʃtˈɔøɜ,tax,,,fin.,0,Abgabe
Abgabe,ˈapɡˌɑːbə,"duty   , charge , levy , tariff , impost , imposition",,,"staatliche, government",2,"Gebühr, Finanzabgabe"
Gebühr,ɡəbˈyːɾ,"duty   , charge , levy , tariff , impost , imposition",,,"adm., government",0,"Abgabe, Finanzabgabe"
Stempelabgabe,ʃtˈɛmpəlˌabɡɑːbə,stamp duty,,,Schw.,0,
Abgabe pro Pfund Sterling,ˈapɡˌɑːbə pɾoː pfˈʊnt ʃtˈɛɾlɪŋ,poundage,,,fin.,0,
Abgabenüberhebung,ˈapɡˌɑːbənˌyːbɜhˌeːbʊŋ,"tax overcharging , levying of excessive taxes/taxation/charges",,,jur.,0,
Abgabenbefreiung,ˈapɡˌɑːbənbəfrˌaɪʊŋ,"exemption from duties , immunity from duties",,,fin.,0,
durch Sozialabgaben bedingte Diskrepanz zwischen Brutto- und Nettolohn,d??ç zˈoːtsiːˌɑlabɡˌɑːbən bədˈɪŋtə dˈɪskɾeːpˌants tsvˈɪʃən bɾˈʊtoː ʊnt nˈɛtoːlˌoːn,wage wedge,,,"fin., pol.",0,Abgabenbelastung
Abgabenberechnung,ˈapɡˌɑːbənbərˌɛçnʊŋ,calculation of taxes,,,fin.,0,
Abgang,ˈapɡˌaŋ,dismount,,,sport,0,
abnibbeln,ˈapnˌɪbəln,"conk out , turn up your toes , kick the bucket, to bite the dust , go west   , buy it   , buy the farm",,verb,"Nordostdt., Br., Mitteldt.",0,"die Patschen strecken / aufstellen, abserbeln, den/einen Abgang machen"
die Patschen strecken,aufstellen,"conk out , turn up your toes , kick the bucket, to bite the dust , go west   , buy it   , buy the farm",,verb,"Br., Ös., Am.",0,"abserbeln, den/einen Abgang machen, den Löffel abgeben"
bachab gehen,bˈaxɑːp ɡˈeːən,"conk out , turn up your toes , kick the bucket, to bite the dust , go west   , buy it   , buy the farm",,verb,"Schw., Br., Am.",0,"die Patschen strecken / aufstellen, abserbeln, den/einen Abgang machen"
abgehen,ˈapɡˌeːən,"conk out , turn up your toes , kick the bucket, to bite the dust , go west   , buy it   , buy the farm",,verb,"Schw., Br., Am.",0,"die Patschen strecken / aufstellen, abserbeln, den/einen Abgang machen"
abserbeln,ˈapzɜbəln,"conk out , turn up your toes , kick the bucket, to bite the dust , go west   , buy it   , buy the farm",,verb,"Schw., Am., Br.",0,"die Patschen strecken / aufstellen, den/einen Abgang machen, den Löffel abgeben"
Abgangsfehler,ˈapɡˌaŋsfeːlɜ,angle jump,,,mil.,0,
Abgangsfehlerwinkel,ˈapɡˌaŋsfeːlɜvˌɪnkəl,angle of jump,,,mil.,0,
Abgangsflughafen,ˈapɡˌaŋsflʊkhˌɑːfən,airport of departure,,,aviat.,0,
nukleofuge Gruppe,nˈʊkleːˌoːfuːɡə ɡɾˈʊpə,"leaving group , nucleofuge group , nucleofuge",,,biochem.,0,"Abgangsgruppe, abgehende Gruppe"
Abfahrtshafen,ˈapfˌɑːɾtshɑːfən,port of departure,,,"transp., naut.",0,Abgangshafen
Abgangsprozess,ˈapɡˌaŋʃpɾoːtsˌɛs,departure process,,,statist.,0,
Abgangsrichtung eines Geschosses,ˈapɡˌaŋsrɪçtˌʊŋ ˌaɪnəs ɡəʃˈɔsəs,direction of departure of a projectile,,,mil.,0,
Abgangswelle,ˈapɡaŋsvˌɛlə,output shaft,,,techn.,0,
Abgangswinkel eines Geschosses,ˈapɡˌaŋsvɪnkəl ˌaɪnəs ɡəʃˈɔsəs,angle of departure of a projectile,,,mil.,0,
Abluftfahne,ˈaplˌʊftfˌɑːnə,plume,,,envir.,0,Abgasfahne
Kat,kˈɑːt,"exhaust gas catalytic converter , catalytic converter , converter , catalyser",,,"auto, Br.",0,"Abgaskatalysator, Katalysator"
Abgasmeßstrecke,ˈapɡˌasmɛsstɾˌɛkə,flue gas test section,,,alt,0,Abgasmessstrecke
Abgasnorm,ˈapɡˌasnɔɾm,exhaust emission standard,,,"auto, envir.",0,
Abgasrückführungsventil,ˈapɡˌasrykfˌyːrʊŋsvəntˌiːl,exhaust gas regulation valve,,,auto,0,
Abluftschalldämpfer,ˈaplˌʊftʃˌaldɛmpfɜ,"exhaust gas silencer , exhaust gas sound attenuator , exhaust muffler",,,techn.,0,Abgasschalldämpfer
Abgassonderuntersuchung,ˈapɡˌasɔndˌeːrʊntɜzˌuːxʊŋ,exhaust emission inspection,,,auto,0,
Abgastest,ˈapɡˌastəst,emission test,,,envir.,0,
Abgastest,ˈapɡˌastəst,exhaust gas test,,,"auto, envir.",0,
Abgasturboaufladung,ˈapɡˌast??bˌoːaʊflˌɑdʊŋ,turbo charging,,,auto,0,
Abgasturbolader,ˈapɡˌast??bˌoːlɑːdɜ,exhaust gas turbocharger,,,auto,0,
Abgasuntersuchung,ˈapɡˌɑzʊntɜzˌuːxʊŋ,"exhaust gas test , emission test , emissions test/control",,,auto,0,
Abgasverlust,ˈapɡˌasfɜlˌʊst,flue gas loss,,,techn.,0,
Rauchgaswäscher,rˈaʊxɡasvˌɛʃɜ,flue gas scrubber,,,techn.,0,Abgaswäscher
Hochtreiben des Auktionspreises,hˈoːxtɾˌaɪbən dɛs ˈaʊktsjˌoːnʃpɾaɪzəs,"by-bidding, bidding up",,,econ.,0,Abgeben von Scheingeboten
finanzielle Entschädigung,fˌiːnantsjˈɛlə ɛntʃˈɛːdɪɡˌʊŋ,payment in lieu,,,fin.,0,finanzielle Abgeltung
die Frau Abgeordnete,diː frˈaʊ ˈapɡəˌɔɾdnətə,the gentlewoman,,,"pol., Am.",0,
Abgeordnetenkammer,ˈapɡəˌɔɾdneːtˌɛnkamɜ,House of Representatives,,,pol.,0,Abgeordnetenhaus
Abgeordnetenkammer,ˈapɡəˌɔɾdneːtˌɛnkamɜ,"chamber of deputies , parliament",,,pol.,0,
Abgeordnetenmandat,ˈapɡəˌɔɾdneːtˌɛnmandˌɑːt,parliamentary mandate,,,pol.,0,
Abgeordnetenversammlung,ˈapɡəˌɔɾdneːtˌɛnfɜzˌamlʊŋ,diet,,,pol.,0,
Abgesang,ˈapɡəzˌaŋ,farewell,,,übtr.,0,
Entlegenheit,ɛntlˈeːɡənhˌaɪt,"seclusion , remoteness",,,geogr.,0,Abgeschiedenheit
Abgeschlossenheit einer Menge,ˈapɡəʃlˌɔsənhˌaɪt ˌaɪnɜ mˈɛŋə,closure of a set,,,math.,0,
Abgeschlossenheitsrelation,ˈapɡəʃlˌɔsənhˌaɪtsrəlatsjˌoːn,"closure relation , completeness relation",,,math.,0,
Schlappheit,ʃlˈapfaɪt,sluggishness,,,med.,0,"Abgespanntheit, Abgeschlagenheit"
Abgleichbohle,ˈapɡlˌaɪçboːlə,"screed , floating screed",,,constr.,0,
Abgleichkondensator,ˈapɡlˌaɪçkɔndənzˌɑtoːɾ,balancing capacitor,,,electr.,0,
Abgleichwiderstand,ˈapɡlˌaɪçviːdɜstˌant,"balancing resistor , adjustable resistor , trimming resistor",,,electr.,0,
Götze,ɡˈœtsə,idol,,,"relig., pej.",1,Abgott
Königsboa,kˈøːnɪçsbˌoːɑː,"common boa , red-tailed boa",,,zool.,0,"Abgottboa, Abgottschlange, Königsschlange"
Abgriff,ˈapɡɾˌɪf,"sensing , picking-off",,,electr.,0,Abgreifen
Demarkation,dˌeːmaɾkatsjˈoːn,"delimitation , demarcation",,,geh.,0,"Abgrenzung, Begrenzung, Ausscheidung"
Ausscheidung,ˈaʊsʃˌaɪdʊŋ,"delimitation , demarcation",,,"Schw., geogr.",1,"Abgrenzung, Demarkation, Begrenzung"
Begriffsabgrenzung,bəɡɾˈɪfzabɡɾˌɛntsʊŋ,conceptual delimitation,,,"phil., ling.",0,begriffliche Abgrenzung
Anzapfvorrichtung,ˈantsˌapffoːɾrˌɪçtʊŋ,"tap , listening device",,,"electr., telco.",0,Abgriff
Schlund,ʃlˈʊnt,"abyss , abysm   , gulf",,,poet.,1,Abgrund
Gussform,ɡˈʊsfɔɾm,"cast , impression",,,techn.,0,Abguss
Sucht,zˈuːxt,addiction,,,"med., psych.",1,"Süchtigkeit, Abhängigkeit"
Abhängigkeit,ˈaphˌɛŋɪçkˌaɪt,subordination,,,ling.,0,
Abhängung,ˈaphˌɛŋʊŋ,suspension,,,constr.,0,
Abhängungsstab,ˈaphˌɛŋʊŋsʃtˌɑːp,suspension rod,,,constr.,0,
Abhaldung,ˈaphˌaldʊŋ,reclaiming,,,techn.,0,
Abhandlung,ˈaphˌandlʊŋ,"treatise , disquisition",,,schriftliche,0,Traktat
Abhandlung,ˈaphˌandlʊŋ,screed,,,langweilige,0,"Erguss, Elaborat"
Abhang,ˈaphˌaŋ,slope,,,geogr.,2,
Abhebe-Formmaschine,ˈaphˌeːbə fˌɔɾmaʃˈiːnə,pin-lift moulding machine,,,techn.,2,
sichere Abhebegeschwindigkeit,zˈɪçərə ˈaphˌeːbeːɡˌɛʃvɪndˌɪçkaɪt,"take-off safety speed V2,  /fˈaʊ tsvˈaɪ/",,,aviat.,0,
Abhebezeit,ˈaphˌeːbeːtsˌaɪt,"airborne time , time off the ground",,,aviat.,0,
Behebung,bəhˈeːbʊŋ,withdrawal,,,"fin., Ös.",1,Abhebung
Bankomatbehebung,bˈankoːmˌatbeːˌeːbʊŋ,"withdrawal at cash points/cash machines/ATMs, cash point/cash machine/ATM withdrawal",,,Ös.,0,
Behebungsgrenze,bəhˌeːbʊŋsɡɾˈɛntsə,withdrawal limit,,,Ös.,0,"Abhebungsgrenze, Behebungslimit, Abhebungslimit"
Behebungslimit,bəhˌeːbʊŋsliːmˈɪt,withdrawal limit,,,"fin., Ös.",0,"Abhebungsgrenze, Behebungsgrenze, Abhebungslimit"
Abmusterungsnachweis,ˈapmˌʊsteːrˌʊŋsnaxvˌaɪs,disembarkation card,,,"adm., naut.",0,Abheuerungsnachweis
Remedur,rˌeːmeːdˈuːɾ,remedy,,,Schw.,1,"Abhilfe, Mittel, Rezept"
Abhitzekessel,ˈaphˌɪtseːkˌɛsəl,"waste heat recovery boiler WHRB,  /(en)dˌʌbəljˌuːˌeɪtʃˌɑːbˈiː(de)/ , waste heat boiler , heat recovery boiler , heat recovery steam generator HRSG,  /hˌɑːˌɛrˌɛsɡˈeː/",,,techn.,4,
Abhitzeverwertung,ˈaphˌɪtseːfɜvɜtˌʊŋ,waste heat recovery,,,techn.,0,
Abhörskandal,ˈaphˌœɾskandˌɑːl,eavesdropping scandal,,,pol.,0,
Kahlschlag,kˈɑːlʃlɑːk,"deforestation , disforestation , disafforestation , forest clearance , forest clearing",,,"geogr., envir.",0,"Abholzen, Rodung, Abholzung"
Auskultation,ˌaʊskʊltatsjˈoːn,listening,,,med.,0,Abhorchen
Abhören,ˈaphˌøːrən,interception,,,telco.,0,
Minispion,mˌiːnɪspjˈoːn,"listening device , bugging device , bug",,,ugs.,0,"Wanze, Abhörgerät"
Wanze,vˈantsə,"listening device , bugging device , bug",,,ugs.,0,"Minispion, Abhörgerät"
Abhörgesetz,ˈaphˌœɾɡeːzˌɛts,Wiretapping Act,,,jur.,0,
Abietat,ˌapiːtˈɑːt,abietate,,,chem.,0,
Coniferin,kˈoːniːfərˌɪn,"abietin , coniferin",,,chem.,0,Abietin
Sylvinsäure,zˈylvɪnzˌɔørə,"abietic acid , sylvic acid",,,chem.,0,Abietinsäure
Abiogenese,ˈapɪˌoːɡənəsə,abiogenesis,,,biochem.,0,
Abioseston,ˈapɪˌoːzɛstˌoːn,abioseston,,,envir.,0,
Abiozön,ˈapɪˌoːtsøːn,"abiocoen , abiocen",,,"envir., Am.",0,
Abiturfeier,ˌapiːt??fˈaɪɜ,graduation party,,,"Dt., abendliche",0,"Abifeier, Maturafeier"
Abifeier,ˌapiːfˈaɪɜ,graduation party,,,"Dt., ugs.",0,"Maturafeier, Abiturfeier"
Maturafeier,mˌɑtuːrafˈaɪɜ,graduation party,,,"Schw., Ös., school",0,"Abifeier, Abiturfeier"
das Abitur ablegen,das ˌapiːtˈuːɾ ˈaplˌeːɡən,"get A-levels   , receive/obtain/earn a high-school diploma",,verb,"Dt., Br., Am.",0,"die Matura ablegen, maturieren"
die Matura ablegen,diː mˈɑtuːrˌɑː ˈaplˌeːɡən,"get A-levels   , receive/obtain/earn a high-school diploma",,verb,"Schw., Ös., Br.",0,"maturieren, das Abitur ablegen"
maturieren,mˌɑtuːrˈiːrən,"get A-levels   , receive/obtain/earn a high-school diploma",,verb,"Br., Am., Ös.",1,"die Matura ablegen, das Abitur ablegen"
Latein als Abiturfach haben,lˈɑtaɪn als ˈapiːtˌ??fax hˈɑːbən,"get A-levels in Latin  , take Latin as a required elective for high school graduation",,,"Dt., Br., Am.",0,Latein als Maturafach haben
Latein als Maturafach haben,lˈɑtaɪn als mˈɑtuːrˌɑfax hˈɑːbən,"get A-levels in Latin  , take Latin as a required elective for high school graduation",,,"Schw., Ös., Br.",0,Latein als Abiturfach haben
Abiturient,ˌapiːtˌuːrɪˈɛnt,"A-level student   , high-school senior",,,"Dt., Br., Am.",1,"Maturant, Maturand"
Maturant,mˌɑtuːrˈant,"A-level student   , high-school senior",,,"Br., Ös., Am.",1,"Maturand, Abiturient"
Maturand,mˈɑtuːrˌant,"A-level student   , high-school senior",,,"Schw., Am., Br.",0,"Maturant, Abiturient"
Abiturient,ˌapiːtˌuːrɪˈɛnt,secondary school leaver,,,"Dt., Br.",0,"Maturant, Maturand"
Maturant,mˌɑtuːrˈant,secondary school leaver,,,"Br., Ös.",0,"Maturand, Abiturient"
Maturand,mˈɑtuːrˌant,secondary school leaver,,,"Schw., Br., school",0,"Maturant, Abiturient"
Abiturient,Maturant,gap year student,,,stud.,0,
Abiturjahrgang,ˈapiːtˌ??jɑːɾɡˌaŋ,"A-level year group   , year   , class",,,"Dt., Br., Am.",1,"Abijahrgang, Maturajahrgang"
Abijahrgang,ˈapiːjˌɑːɾɡaŋ,"A-level year group   , year   , class",,,"Dt., Br., Am.",0,"Abiturjahrgang, Maturajahrgang"
Maturajahrgang,mˈɑtuːrˌɑjɑːɾɡˌaŋ,"A-level year group   , year   , class",,,"Ös., Br., Am.",1,"Abiturjahrgang, Abijahrgang"
Abiturzeitung,ˈapiːtˌ??tsaɪtˌʊŋ,spoof newspaper compiled by the A-level class / senior class / graduating class,,,"Dt., Am.",0,"Abizeitung, Maturazeitung"
Abizeitung,ˈapiːtsˌaɪtʊŋ,spoof newspaper compiled by the A-level class / senior class / graduating class,,,"Dt., Am., ugs.",0,"Abiturzeitung, Maturazeitung"
Maturazeitung,mˈɑtuːrˌɑtsaɪtˌʊŋ,spoof newspaper compiled by the A-level class / senior class / graduating class,,,"Schw., Ös., Am.",0,"Abiturzeitung, Abizeitung"
Abkantmaschine,ˈapkˌantmaʃˌiːnə,folding machine,,,mach.,0,
Abkantpresse,ˈapkˌantpɾɛsə,bend press,,,mach.,0,
Abgeschlossenheit,ˈapɡəʃlˌɔsənhˌaɪt,insularity,,,soc.,0,Abkapselung
Abkehr der Energiewirtschaft von der Nutzung kohlenstoffhaltiger Energieträger,ˈapkˌeːɾ dɛɾ ˌeːnɛɾɡˈiːvɪɾtʃˌaft fɔn dɛɾ nˈʊtsʊŋ kˈoːlənstˌɔfhaltˌɪɡɜ ˌeːnɛɾɡˈiːtɾɛːɡɜ,decarbonization / decarbonisation of the energy industry,,,envir.,0,
Abkippen,ˈapkˌɪpən,"open dumping , crude tipping",,,"Br., techn.",0,
Abklärung,ˈapklˌɛːrʊŋ,"diagnostic assessment , diagnostic work-up",,,"med., diagnostische",0,
Abklatschpräparat,ˈapklˌatʃpɾɛːparˌɑːt,impression preparation,,,biol.,0,
Abklemmung,ˈapklˌɛmʊŋ,clamping,,,med.,0,Abklemmen
Abklettern,ˈapklˌɛtɜn,downclimbing,,,sport,0,
Abklingbehälter,ˈapklˌɪŋbeːˌɛltɜ,decay tank,,,mach.,0,
Abklingkurve,ˈapklˌɪŋk??və,fall-off curve,,,phys.,0,
Abklingmodul,ˈapklˌɪŋmoːdˌuːl,modulus of decay,,,phys.,0,
Abklingwärme,ˈapklˌɪŋvɛɾmə,decay heat,,,mach.,0,
Relaxationszeit,rˈeːlaksatsjˌoːnstsaɪt,"decay time , relaxation time",,,phys.,0,Abklingzeit
Waschmaschine,vˈaʃmaʃˌiːnə,"scouring machine , scouring equipment",,,textil.,0,Abkochmaschine
Dekokt,dˈeːkɔkt,decoction,,,"pharm., chem.",0,"Abkochung, Absud, Sud"
Genfer Flüchtlingskonvention,ɡˈɛnfɜ flˌyçtlɪŋskˌɔnvəntsjˈoːn,"Convention relating to the Status of Refugees CRSR,  /tsˌeːˌɛrˌɛsˈɛɾ/ , Geneva refugee convention",,,pol.,0,Abkommen über die Rechtsstellung der Flüchtlinge
Abkommen,ˈapkˌɔmən,aiming off the target,,,mil.,0,
Derivat,dˌeːriːvˈɑːt,derivative,,,"pharm., chem.",0,Abkömmling
Trennen,tɾˈɛnən,"disconnection , disengagement",,,techn.,0,"Ausrücken, Ausklinken, Abkoppeln"
Abkühlungsresistenz,ˈapkˌyːlʊŋsrˌeːzɪstˌɛnts,"chilling resistance , chill tolerance",,,zool.,0,
Abkühlungszeit,ˈapkˌyːlʊŋstsˌaɪt,cooling-off period,,,techn.,0,
Abkündigung,ˈapkˌyndɪɡˌʊŋ,deprecation,,,comp.,0,
Abschneider,ˈapʃnˌaɪdɜ,shortcut,,,Ös.,0,Abkürzung
Buchstabensuppe,bˈuːxʃtɑːbˌɛnzʊpə,alphabet soup,,,"coll., pej., ugs.",0,Abkürzungsdschungel
Ablaßleitung,ˈaplˌaslaɪtˌʊŋ,"drain , drain line",,,"alt, techn.",0,Ablassleitung
Entfernen von Körpergewebe,ɛntfˈɛɾnən fɔn kˈœɾpɜɡˌeːveːbə,ablation,,,med.,0,"Ablation, Ablatio"
Ablation,ˈaplatsjˌoːn,ablation,,,meteo.,0,
Ablationsform,ˈaplˌatsjˌoːnsfɔɾm,ablation form,,,geol.,0,
Ablationsgradient,ˈaplˌatsjˌoːnsɡɾadˌiːnt,ablation gradient,,,geol.,0,
Gruskegel,ɡɾˈʊskeːɡəl,"ablation cone , dirt cone",,,geol.,0,Ablationskegel
Ablationstal,ˈaplatsjˌoːnstˌɑːl,"ablation hollow , ablation holler",,,geol.,0,Ablationssenke
Ablationsvolumen,ˈaplˌatsjˌoːnsvoːlˌʊmən,ablation volume,,,geol.,0,
Ablativ,ˈaplatˌiːf,ablative,,,ling.,0,
etw. ablegen,ˈɛtf ˈaplˌeːɡən,pigeonhole sth.,,verb,adm.,0,etw. ins Ablagefach legen
Ablageort,ˈaplˌɑɡeːˌɔɾt,filing place,,,adm.,0,
Ablageort,ˈaplˌɑɡeːˌɔɾt,file cabinet location,,,adm.,0,
Ablageort,ˈaplˌɑɡeːˌɔɾt,file location,,,comp.,0,
Bogenablage,bˈoːɡənˌablɑːɡə,delivery pile,,,print,0,Ablagestapel
Ablagesystem,ˈaplˌɑɡeːzystˌeːm,filing system,,,adm.,0,
Ablagerung,ˈaplˌɑɡərˌʊŋ,"deposit , sediment",,,"geol., envir.",0,
Gezeitenablagerung,ɡətsˈaɪtˌeːnablˌɑːɡərˌʊŋ,tidal mud deposit,,,geol.,0,
Absetzen,ˈapzɛtsən,"deposition , laying-down , settling , alleviation , scale",,,"geol., chem., envir.",0,"Ablagerung, Ablagern"
Übermurung,ˌyːbɜmˈuːrʊŋ,debris flow deposition,,,Schw.,0,Vermurung
Ablagerungsdichte,ˈaplˌɑɡeːrˌʊŋsdɪçtə,deposit density,,,geol.,0,
Ablagerungsgebiet,ˈaplˌɑɡeːrˌʊŋsɡəbˌiːt,"deposition area , depositional area",,,geol.,0,
Sediment,zˌeːdiːmˈɛnt,"sedimentary rock , stratified rock , bedded rock , sedimentite",,,geol.,0,"Ablagerungsgestein, Sedimentgestein, Schichtgestein"
Ablagetisch,ˈaplaɡˌeːtɪʃ,delivery table,,,print,0,
Ablassen des Kletterpartners,ˈaplˌasən dɛs klˈɛtɜpˌaɾtnɜs,lowering of the fellow climber,,,sport,0,
Benzinhahn,bˈɛntsɪnhˌɑːn,fuel petcock,,,auto,0,
Kühlerablasshahn,kˈyːleːrˌablashˌɑːn,radiator drain petcock,,,auto,0,
Ablaßhandel,ˈaplˌashandəl,"sale of indulgences , selling of indulgences",,,"relig., hist., alt",0,Ablasshandel
Abfohlen,ˈapfˌoːlən,foaling,,,zool.,1,
Erlöschen,ɛɾlˈœʃən,termination,,,jur.,2,"Ablauf, Ende"
Abfluss,ˈapflˌʊs,discharge,,,techn.,0,Ablauf
Ablauf,ˈaplˌaʊf,"run-off , runoff",,,agr.,0,
ausgefahrene Gleise,ˈaʊsɡəfˌɑːrənə ɡlˈaɪzə,"rut , groove",,,"Br., übtr.",0,eingefahrener Ablauf
in den Alltagstrott,ɪn deːn ˈaltakstɾˌɔt,into the groove,,,"back, zurück",0,
Abflusswasser,ˈapflˌʊsvasɜ,runoff water,,,envir.,0,Ablaufwasser
Ablass,ˈaplˌas,indulgence,,,relig.,0,
Entwässerungsgraben,ɛntvˈɛseːrˌʊŋsɡɾɑːbən,drain,,,constr.,0,"Abzugskanal, Ablasskanal"
Ablaßsammler,ˈaplˌaszamlɜ,drain header,,,"alt, techn.",0,Ablasssammler
Ablassschraube,ˈaplˌasʃraʊbə,drain plug,,,techn.,0,
Ablassventil,ˈaplˌasvəntˌiːl,release valve,,,techn.,0,
Ausnutzen des fehlerhaften Ablaufs in einem Computerspiel seitens des Spielers,ˈaʊsnˌʊtsən dɛs fˈeːlɜhˌaftən ˈaplˌaʊfs ɪn ˌaɪnəm kɔmpjˈuːtɜʃpˌiːl zˈaɪtəns dɛs ʃpˈiːlɜs,glitching,,,comp.,0,fehlerhafter Ablauf in einem Computerspiel aufgrund eines Programmierfehlers
Ablaufdatum,ˈaplˌaʊfdatˌuːm,"expiry date , expiration date",,,adm.,1,
Ablaufhahn,ˈaplˌaʊfhɑːn,draincock,,,techn.,0,
Ablaufkonzentration,ˈaplˌaʊfkɔntsˌɛntɾatsjˌoːn,effluent concentration,,,"chem., envir.",0,
Wasserschenkel,vˈasɜʃˌɛŋkəl,"water bar , window drip",,,constr.,0,"Wetterschenkel, Ablaufleiste"
Ablaufrate,ˈaplaʊfrˌɑːtə,run-off rate,,,envir.,0,
Ablaufregelventil,ˈaplˌaʊfreːɡˌɛlvəntˌiːl,discharge control valve,,,techn.,0,
Ablaufschlauch,ˈaplˌaʊfʃlaʊx,drain hose,,,techn.,0,
Ablaufstandard,ˈaplˌaʊfstandˌaɾt,effluent standard,,,"chem., envir.",0,
Schrittkette,ʃrˈɪtkɛtə,"sequential control , sequence control system",,,techn.,0,Ablaufsteuerung
Ablaufverfolgung,ˈaplˌaʊffɜfˌɔlɡʊŋ,"trace , tracing , backtrace",,,comp.,0,
Protokollprogramm,pɾoːtˌoːkɔlpɾɔɡɾˈam,"tracing program , trace program , tracing routine , trace routine , tracer",,,comp.,0,"Ablaufverfolger, Ablaufüberwachungsprogramm, Ablaufverfolgungsprogramm"
Ablauge,ˈaplˌaʊɡə,"spent lye , waste lye",,,chem.,0,
Ablaugekessel,ˈaplˌaʊɡeːkˌɛsəl,liquor-fired boiler,,,mach.,0,
Ablaut,ˈaplˌaʊt,"vowel gradation , ablaut",,,ling.,0,
Hinscheiden,hˈɪnʃaɪdən,"decease   , demise",,,"adm., poet.",0,"Hinschied, Ableben"
Hinschied,hˈɪnʃiːt,"decease   , demise",,,"adm., Schw., poet.",0,"Ableben, Hinscheiden"
Ablegen,ˈaplˌeːɡən,delevitation,,,techn.,0,
Senker,zˈɛŋkɜ,layer,,,"agr., selten",0,"Ableger, Absenker"
Ablegereife,ˈaplˌeːɡeːrˌaɪfə,replacement state of wear,,,techn.,0,
Ablegewagen,ˈaplˌeːɡeːvˌɑːɡən,"plaiting truck , truck for ropeform or plaited fabric",,,textil.,0,
Refüsierung,rˌeːfyːzˈiːrʊŋ,"refusal , declination",,,Schw.,0,"Absage, Weigerung, Abweisung"
abberichtet werden,ˈapbərˌɪçtət vˌɛɾdən,meet with a refusal,,,Schw.,0,
Ablehnung,ˈaplˌeːnʊŋ,repudiation,,,"öffentliche, public, pol.",1,
kritischer Bereich,kɾˈiːtɪʃɜ bərˈaɪç,"rejection region , critical region",,,statist.,0,Ablehnungsbereich
kritischer Wert,kɾˈiːtɪʃɜ vˈɛɾt,"rejection limit , significance point , critical value",,,statist.,0,"Ablehnungsschwelle, Signifikanzschwelle, Ablehnungsgrenze"
Rückweisungslinie,rˈykvaɪzˌʊŋsliːnˌɪə,rejection line,,,statist.,0,Ablehnungslinie
Ablehnungszahl,ˈaplˌeːnʊŋstsˌɑːl,rejection number,,,statist.,0,
Differenziation,dˌɪfeːrˌɛntsiːatsjˈoːn,differentiation,,,math.,0,"Ableiten, Differenzieren"
Ableitkondensator,ˈaplˌaɪtkɔndɛnzˌɑtoːɾ,bypass capacitor,,,electr.,0,
Ableitstrom,ˈaplˌaɪtʃtɾˌoːm,"leakage current , leakance current",,,electr.,0,
Ableitung,ˈaplˌaɪtʊŋ,derivative,,,math.,1,
Abführung,ˈapfˌyːrʊŋ,dissipation,,,phys.,0,Ableitung
Ableitung,ˈaplˌaɪtʊŋ,lead,,,"phys., electr.",0,
Verlust,fɛɾlˈʊst,"leakage , loss",,,electr.,0,Ableitung
Ableitung,ˈaplˌaɪtʊŋ,derivative,,,min.,0,
Ableitung der Steuerspannungsversorgung,ˈaplˌaɪtʊŋ dɛɾ ʃtˈɔøɜʃpˌanʊŋsfɜzˌɔɾɡʊŋ,control voltage supply discharge,,,electr.,0,
Ableitungsbaum für die automatische Syntaxanalyse,ˈaplˌaɪtʊŋsbˌaʊm fyːɾ diː ˌaʊtoːmˈɑːtɪʃə zˌyntaksanˈɑːlyːzə,parsing derivation tree,,,comp.,0,
Verzweigungsbauwerk,fɛɾtsvˈaɪɡʊŋsbˌaʊvɛɾk,"diversion structure , diversion works , diversion weir",,,geol.,0,Ableitungsbauwerk
Drainagebronchus,dɾˈaɪnaɡˌɛbɾɔnçˌʊs,draining bronchus,,,anat.,0,Ableitungsbronchus
Ableitungsdämpfung,ˈaplˌaɪtʊŋsdˌɛmpfʊŋ,"leakage attenuation , shunt loss",,,telco.,0,
Inferenzregel,ˌɪnfeːrˈɛntsreːɡəl,inference rule,,,comp.,0,"Deduktionsregel, Ableitungsregel"
Ableitstollen,ˈaplˌaɪtʃtˌɔlən,"diversion tunnel , underground diversion channel",,,geol.,0,Ableitungsstollen
Ableitungswiderstand,ˈaplˌaɪtʊŋsvˌiːdɜstˌant,"bleeder resistor , bleeder",,,electr.,0,Ableitwiderstand
Ablenkbarkeit,ˈaplˌɛŋkbaɾkˌaɪt,distractibility,,,psych.,0,
Ablenkplatte,ˈaplˌɛŋkplatə,"deflector , baffle",,,techn.,0,"Ablenkblech, Prallblech, Prallplatte"
Ablenkelektrode,ˈaplˌɛnkəlˌɛktɾoːdə,"deflection electrode , deflecting electrode",,,electr.,0,
Ablenkpflanze,ˈaplˌɛŋkpflantsə,distracting plant,,,agr.,0,
Ablenkspule,ˈaplˌɛŋkspuːlə,orbit shift coil,,,techn.,0,
Ablenkspulenjoch,ˈaplˌɛŋkspuːlˌɛnjɔx,"deflection yoke , yoke",,,electr.,0,"Ablenksystem, Ablenkjoch"
Einschnürtrommel,ˈaɪnʃnˌyɾtɾɔməl,"snub pulley , snub roller",,,techn.,0,Ablenktrommel
Auslenkung,ˈaʊslˌɛnkʊŋ,deviation,,,phys.,0,Ablenkung
Ablenkungsmanöver,ˈaplˌɛnkʊŋsmˌɑnøːvɜ,"diversionary manoeuvre   , diversionary maneuver",,,"Br., mil., Am.",0,
Ablenkungsmanöver,ˈaplˌɛnkʊŋsmˌɑnøːvɜ,diversionary tactic,,,übtr.,0,
Ablenkungsverhalten,ˈaplˌɛnkʊŋsfɜhˌaltən,diversion behaviour/behavior,,,"zool., Am.",0,
Ablesegenauigkeit,ˈaplˌeːzeːɡˌɛnaʊˌɪçkaɪt,"reading accuracy , reading precision , accuracy of reading",,,techn.,0,
Armatur,ˌaɾmatˈuːɾ,instrument,,,"auto, mach., aviat.",0,Ableseinstrument
Ablochen von Funktionskodes,ˈaplˌɔxən fɔn fˈʊŋktsjˌoːnskoːdəs,additional code punch,,,"comp., hist.",0,
Ablochimpulsgeber,ˈaplˌɔxɪmpˌʊlsɡeːbɜ,punch emitter,,,"comp., hist.",0,
Transfersumme,tɾˈansfɜzˌʊmə,transfer fee,,,"fin., sport",0,Ablösesumme
Ablösbarkeit,ˈaplˌœsbaɾkˌaɪt,release,,,print,0,
Abscherung,ˈapʃˌeːrʊŋ,"detachment , decollement",,,geol.,0,"Ablösung, Loslösung"
Ablösung,ˈaplˌøːzʊŋ,commutation,,,fin.,1,
Ablöse,ˈaplˌøːzə,commutation payment,,,Ös.,0,"Abfindung, Abfindungszahlung"
Spaltebene,ʃpˈalteːbənə,"cleavage face , cleavage plane",,,min.,0,Ablösungsfläche
Ausgangsluft,ˈaʊsɡˌaŋslʊft,"outgoing air , exhaust air , extracted air",,,techn.,0,"Fortluft, Abluft"
Entlüfterstutzen,ɛntlˈyftɜstˌʊtsən,air vent,,,techn.,0,Abluftstutzen
Deal,(en)dˈiːl(de),deal,,,ugs.,0,"Handel, Abmachung"
Diät,dˈiːɛːt,"restricted diet , regulated diet , dietary regime , dietary regimen , dietary programme , dietary",,,"cook., dated",0,
Unterlassungsaufforderung,ˌʊntɜlˌasʊŋsaʊfˈɔɾdərˌʊŋ,cease and desist letter,,,jur.,0,Abmahnung
Abmeldevorgang,ˈapmˌɛldeːvˌɔɾɡaŋ,logout,,,comp.,0,"Abmeldung, Abmelden"
Abmeldung,ˈapmˌɛldʊŋ,"logging off , logoff",,,comp.,0,
Abmaß,ˈapmˌɑːs,"measurement , dimension",,,"measured, math.",0,"Maß, Aufmaß, Abmessung"
Abnäher,ˈapnˌɛːɜ,"tuck for shortening , dart",,,textil.,0,
einen Abnäher in etw. machen,ˌaɪnən ˈapnˌɛːɜ ɪn ˈɛtf mˈaxən,tuck sth.,,verb,textil.,0,
Abnabelung,ˈapnˌɑbəlˌʊŋ,cutting of a child's cord,,,med.,0,
Abnadelvorrichtung,ˈapnˌɑdəlfˌoːɾrɪçtˌʊŋ,unclipping device,,,textil.,0,
Endabnahme,ˈɛndabnˌɑːmə,acceptance,,,adm.,0,Abnahme
Abnahme der Schaltendicke bei den Eiern,ˈapnˌɑːmə dɛɾ ʃˈaltəndˌɪkə baɪ deːn ˈaɪɜn,eggshell thinning,,,zool.,0,
Prüfstelle,pɾˈyːfʃtɛlə,inspecting authority,,,adm.,0,Abnahmebehörde
Abnahmezeugnis,ˈapnˌɑːmeːtsˌɔøɡnɪs,"acceptance certificate , inspection certificate , approval note",,,adm.,0,Abnahmebescheinigung
Abnahmenorm,ˈapnˌɑːmənˌɔɾm,"acceptance criterion , approval criterion",,,adm.,0,Abnahmekriterium
Freigabetest,frˈaɪɡɑːbətəst,"approval test , acceptance test , inspection test , acceptance inspection",,,techn.,0,"Abnahmetest, Übernahmeprüfung, Abnahmeprüfung"
Abnahmeverfahren,ˈapnˌɑːməfɛɾfˌɑːrən,acceptance test procedure,,,techn.,0,Abnahmeprüfverfahren
Abnehmer,ˈapnˌeːmɜ,"buyer , purchaser",,,econ.,0,
Abnehmer,ˈapnˌeːmɜ,account debtor,,,fin.,0,
Greuel,ɡɾˈɔøəl,aversion,,,alt,0,"Aversion, Antipathie, Gräuel"
Koprophobie,kˌɔpɾoːfoːbˈiː,coprophobia,,,"med., biol.",0,Abneigung gegen Kot
Abnutzung,ˈapnˌʊtsʊŋ,"wear , abrasion",,,geol.,0,
natürliche Abnutzungserscheinungen,Abnützungserscheinungen,wear and tear,,,"Schw., Süddt., normal",0,natürliche Abnutzung/Abnützung
natürliche Abnutzung,Abnützung,wear and tear,,,"Schw., Süddt., normal",0,natürliche Abnutzungserscheinungen/Abnützungserscheinungen
Abolitionismus,ˌɑboːliːtsjˌoːnˈɪsmʊs,abolitionism,,,pol.,0,
Abolitionist,ˌɑboːliːtsjˌoːnˈɪst,abolitionist,,,pol.,0,
Delegation,dˌeːleːɡatsjˈoːn,delegation,,,adm.,4,Abordnung
Plumpsklo,plˈʊmpskloː,privy,,,ugs.,0,"Donnerbalken, Latrine, Abtritt"
Abtrittsdünger,ˈaptɾˌɪtsdyŋɜ,night soil,,,"dated, agr., hist.",0,Abortdünger
Verpackungsmaschine,fɛɾpˌakʊŋsmaʃˈiːnə,"packing machine , packer",,,mach.,0,Abpackmaschine
Schlusspfiff,ʃlˈʊspfɪf,final whistle,,,sport,1,Abpfiff
Abplattfräser,ˈapplˌatfrɛːzɜ,profile cutter,,,mach.,0,
Abplatthobel,ˈapplˌattoːbəl,panel raising plane,,,mach.,0,
Abflachung,ˈapflˌaxʊŋ,flattening,,,"geogr., phys.",0,Abplattung
Abpraller,ˈappɾˌalɜ,rebound,,,sport,1,
Abpufferung,ˈappˌʊfərˌʊŋ,buffering,,,chem.,0,"Abpuffern, Puffern"
Putzausbesserung,pˌʊtsaʊsbˈɛsərˌʊŋ,resurfacing,,,constr.,0,Abputzen
Abquetschwalze,ˈapkvˌɛtʃvaltsə,consolidation roll,,,techn.,0,
Abrus-Ranken,ˈapɾˌʊs rˈaŋkən,abrus vines,,,bot.,0,
Abrutschen von Fäden,ˈapɾˌʊtʃən fɔn fˈɛːdən,sloughing off,,,textil.,0,
Abrückpunkt,ˈapɾˌykpʊŋkt,departure point,,,techn.,0,
Rüstzeit,rˈystsaɪt,take-down time,,,mach.,0,Abrüstzeit
Ausschabung,ˈaʊsʃˌɑbʊŋ,abrasion,,,med.,0,"Abrasio, Abrasion"
schleifende Erosion,ʃlˈaɪfəndə ɛɾoːzjˈoːn,"abrasion , abrasive erosion , corrasion",,,geol.,0,"Korrasion, Schleiferosion, Abrasion"
Abrasion,ˈapɾazjˌoːn,"abrasion , attrition , degradation",,,geol.,0,
Abrasionsfläche,ˈapɾˌɑzɪˌoːnsflɛçə,"abrasion plane , plane of abrasion , plane of denudation , level of abrasion",,,geol.,0,
Abräumen,ˈapɾˌɔømən,"overburden removing , baring",,,geol.,0,
Abräumer,ˈapɾˌɔømɜ,enforcer,,,sport,0,
Abräumen,ˈapɾˌɔømən,"overburden removal , stripping",,,min.,0,"Abraumentfernung, Abraumbeseitigung"
Abraumdeponie,ˈapɾˌaʊmdeːpoːnˌiː,"overburden dump , spoil pile , spoil mound , mound of spoil , waste pile",,,min.,0,"Abraumhalde, Abraumkippe"
Abraumlokomotive,ˈapɾˌaʊmloːkˌoːmoːtˌiːvə,clearing locomotive,,,min.,0,
Abraum,ˈapɾˌaʊm,"overburden layer , overburden , mine waste , mine spoil",,,min.,0,Abraumschicht
Abreaktion,ˈapɾˌeːaktsjˌoːn,abreaction,,,psych.,0,Abreagieren
Verrechnen,fɛɾrˈɛçnən,billing,,,"adm., econ.",0,"Abrechnen, Verrechnung, Abrechnung"
Abrechnung,ˈapɾˌɛçnʊŋ,"statement of account , statement",,,fin.,2,
Rechnung,rˈɛçnʊŋ,reckoning,,,"archaic, übtr., econ.",0,Abrechnung
Abrechnungsabteilung,ˈapɾˌɛçnʊŋsˌaptaɪlˌʊŋ,settlements department,,,fin.,0,
Abrechnungscomputer,ˈapɾˌɛçnʊŋskˌɔmpuːtɜ,accounting computer,,,comp.,0,
Abrechnungskonto,ˈapɾˌɛçnʊŋskˌɔntoː,"transaction account , settlement account",,,fin.,0,
Verrechnungsposition,fɛɾrˌɛçnʊŋspˌoːziːtsjˈoːn,accounting item,,,"adm., econ.",0,"Buchhaltungsposten, Abrechnungsposten, Verrechnungsposten"
Abrechnungssaldo,ˈapɾˌɛçnʊŋsˌaldoː,clearing balance,,,fin.,0,
zentrale Abrechnungsstelle,tsɛntɾˈɑːlə ˈapɾˌɛçnʊŋsʃtˌɛlə,"accounting centre   , accounting center",,,"Br., fin., Am.",0,
Abrechnungssystem,ˈapɾˌɛçnʊŋszystˌeːm,accounting system,,,"fin., econ.",1,
Abrechnungsverkehr,ˈapɾˌɛçnʊŋsfɜkˌeːɾ,clearing,,,fin.,0,
Rechnungsperiode,rˈɛçnʊŋspˌeːrɪˌoːdə,"accounting period , billing period",,,econ.,0,"Abrechnungszeitraum, Abrechnungsperiode"
Nackenmassage,nˈakənmˌasɑːʒə,neck rub,,,kleine,0,
Schultermassage,ʃˈuːltˌɛɾmasˌɑːʒə,shoulder rub,,,kleine,0,
Kloppe,klˈɔpə,kicking,,,"Norddt., Mitteldt.",0,"Packung, Abreibung"
jdm. eine (ordentliche) Abreibung verpassen,jˌɔtdˌeːˈɛm ˌaɪnə ˈɔɾdəntlɪçə ˈapɾˌaɪbʊŋ fɛɾpˈasən,clean sb.'s clock,,verb,"sport, fig., Am.",0,
Reiseantritt,rˈaɪzeːˌantɾɪt,departure,,,transp.,0,"Antritt einer Reise, Abreise"
Abreisetag,ˈapɾˌaɪzeːtˌɑːk,"day of departure , departure day , date of travel",,,transp.,0,
Abreißbewehrung,ˈapɾˌaɪsbeːvˌeːrʊŋ,"top reinforcement , shear reinforcement",,,constr.,0,
Abreißen des Wasserfilms,ˈapɾˌaɪsən dɛs vˈasɜfˌɪlms,waterbreak,,,"chem., techn.",0,
Unterbrecherfunken,ˌʊntɜbɾˈɛçɜfˌʊŋkən,"breaking spark , spark at breaking , spark at break",,,electr.,0,"Öffnungsfunken, Abreißfunke, Öffnungsfunke"
Abreißseil,ˈapɾˌaɪszaɪl,contact-breaking cable,,,auto,0,
Reißstecker,rˈaɪsstɛkɜ,"release plug , snatch plug , umbilical plug",,,electr.,0,Abreißstecker
Abreption,ˈapɾɛptsjˌoːn,abreption,,,relig.,0,
Abrichthobelmaschine,ˈapɾˌɪçtoːbˌɛlmaʃˌiːnə,"jointer , planer",,,mach.,0,Abrichte
Abrichtwerkzeug,ˈapɾˌɪçtvɜktsˌɔøk,dressing tool,,,techn.,0,
Reibverschleiß,rˈaɪbfɜʃlˌaɪs,"attrition , abrasion , frictional wear , fretting",,,techn.,0,Abrieb
Abrieb,ˈapɾˌiːp,"abrasion , attrition , degradation",,,geol.,0,
pulverförmiges Erz,pˈʊlfɜfˌœɾmɪɡəs ˈɛɾts,fines,,,min.,0,Abrieb
Abriebprotektor,ˈapɾˌiːppɾoːtˌɛktoːɾ,chafer strip,,,auto,0,
Abriegelung,ˈapɾˌiːɡəlˌʊŋ,interdiction,,,mil.,1,
Cordon sanitaire,kˈɔɾdoːn zˈɑniːtˌɛːrə,cordon sanitaire,,,"med., veraltend",0,Abriegelung eines Infektionsgebietes
Avulsio,ˈɑvʊlzˌɪoː,avulsion,,,med.,0,"Ausriss, Abriss, Ausreißen"
Abrisscoupon,ˈapɾˌɪskuːpˌoːn,"coupon , counterfoil   , stub   , tear-off slip , detachable portion",,,"Dt., Schw., Br.",0,"abtrennbarer Abschnitt, Abriss, Abrisskupon"
Coupon,kˈuːpoːn,"coupon , counterfoil   , stub   , tear-off slip , detachable portion",,,"Dt., Schw., Br.",0,"abtrennbarer Abschnitt, Abriss, Abrisskupon"
Abrisskupon,ˈapɾˌɪskuːpˌoːn,"coupon , counterfoil   , stub   , tear-off slip , detachable portion",,,"Br., Ös., Am.",0,"abtrennbarer Abschnitt, Abriss, Abrisszettel"
Kupon,kˈuːpoːn,"coupon , counterfoil   , stub   , tear-off slip , detachable portion",,,"Br., Ös., Am.",0,"abtrennbarer Abschnitt, Abriss, Abrisskupon"
Talon,tˈɑloːn,"coupon , counterfoil   , stub   , tear-off slip , detachable portion",,,"Schw., Br., Am.",0,"abtrennbarer Abschnitt, Abriss, Abrisskupon"
Abrisszettel,ˈapɾˌɪstsɛtəl,"coupon , counterfoil   , stub   , tear-off slip , detachable portion",,,"Br., Am., ugs.",0,"abtrennbarer Abschnitt, Abriss, Abrisskupon"
Abrißbirne,ˈapɾˌɪsbɪɾnə,"wrecking ball , demolition ball , falling weight",,,alt,0,"Abrissbirne, Fallbirne, Fallgewicht"
Fallgewicht,fˈalɡeːvˌɪçt,"wrecking ball , demolition ball , falling weight",,,constr.,0,"Abrissbirne, Fallbirne, Abrißbirne"
Abrollgerät,ˈapɾˌɔlɡərˌɛːt,"rollover device , ball roller",,,comp.,0,
Scrollingfunktion,skɾˌɔlɪŋfʊŋktsjˈoːn,scrolling function,,,comp.,0,Abrollfunktion
Abrollgeräusch,ˈapɾˌɔlɡeːrˌɔøʃ,"tyre noise   , tire noise",,,"auto, Br., Am.",1,
Abrüstung,ˈapɾˌystʊŋ,disarmament,,,"pol., mil.",2,
Abrüstungsbemühungen,ˈapɾˌystʊŋsbəmˌyːʊŋən,disarmament efforts,,,"pol., mil.",0,
Abrüstungskonferenz,ˈapɾˌystʊŋskˌɔnfeːrˌɛnts,disarmament conference,,,pol.,0,
Abrüstungsmaßnahme,ˈapɾˌystʊŋsmˌasnɑːmə,disarmament measure,,,"pol., mil.",0,
Abrüstungsprozess,ˈapɾˌystʊŋʃpɾˌoːtsɛs,process of disarmament,,,"pol., mil.",0,
Abrüstungsabkommen,ˈapɾˌystʊŋsˌapkɔmən,disarmament agreement,,,pol.,0,Abrüstungsvereinbarung
Abrüstungsverhandlungen,ˈapɾˌystʊŋsfɜhˌandlʊŋən,"disarmament negotiations, arms-control negotiations",,,pol.,0,
Kündigung,kˈyndɪɡˌʊŋ,call,,,fin.,1,Abruf
Abrufadresse,ˈapɾˌuːfadɾˌɛsə,retrieval address,,,comp.,0,
Abrufbarkeit,ˈapɾˌʊfbaɾkˌaɪt,retrievability,,,"comp., psych.",0,
Abfrage,ˈapfrˌɑːɡə,retrieval,,,"comp., psych.",0,"Abfragen, Abrufen, Abruf"
Abruffütterung,ˈapɾʊfˌytərˌʊŋ,feeding-on-demand system,,,agr.,0,
Abrufvertrag,ˈapɾˌʊffɜtɾˌɑːk,call-off (purchase) agreement,,,econ.,0,
Absackbunker,ˈapzˌakbʊŋkɜ,sugar storage bin,,,agr.,0,
Absackkörnerschnecke,ˈapzˌakœɾnɜʃnˌɛkə,sacking auger conveyor,,,"agr., techn.",0,
Absackschnecke,ˈapzˌakʃnɛkə,"bagging auger , sack filling screw",,,"agr., techn.",0,
Absackstand,ˈapzˌakstant,bagging stand,,,agr.,0,
Absägen der Wurzelanläufe,ˈapzˌɛːɡən dɛɾ vˈ??tsəlˌanlɔøfə,"removal of buttresses, laying-in",,,agr.,0,
Absanden,ˈapzˌandən,sanding,,,constr.,0,
Absatz,ˈapzˌats,paragraph,,,ling.,1,
Absatz,ˈapzˌats,subsection,,,jur.,0,
Absatz,ˈapzˌats,break,,,"comp., print",0,
Warenabsatz,vˈɑrənˌabzats,"sales , turnover",,,"Br., econ.",0,Absatz
Stufe,ʃtˈuːfə,"relief , shoulder , step",,,techn.,0,Absatz
Absatz- und Vertriebsplanung,ˈapzˌats ʊnt fɛɾtɾˈiːpsplanˌʊŋ,sales and operations planning,,,econ.,0,
Verkaufsgebiet,fɛɾkˈaʊfsɡeːbˌiːt,"trading area , sales territory",,,econ.,0,Absatzgebiet
Vertriebskette,fɛɾtɾˈiːpskɛtə,distribution chain,,,econ.,0,Absatzkette
Absatzkontingent,ˈapzˌatskɔntɪŋˌɛnt,sales quota,,,econ.,0,
Absatzkrise,ˈapzˌatskɾɪsə,sales crisis,,,econ.,0,
Absatzlage,ˈapzˌatslɑːɡə,sales situation,,,econ.,0,
Absatzmarkt,ˈapzˌatsmaɾkt,market,,,econ.,0,
Absatzmittler,ˈapzˌatsmɪtlɜ,marketing agent,,,econ.,0,
Absatzmöglichkeiten,ˈapzˌatsmœklˌɪçkaɪtən,sales potential,,,econ.,0,
Absatzplan,ˈapzatsplˌɑːn,"sales plan , marketing plan",,,econ.,0,
Absatzprognose,ˈapzˌatspɾɔɡnˌoːzə,sales forecast,,,econ.,0,
Absatzflaute,ˈapzˌatsflaʊtə,flagging sales,,,econ.,0,Absatzrückgang
Absatzrückgang,ˈapzˌatsrykɡˌaŋ,decline in sales,,,econ.,0,
Absatzschwierigkeiten,ˈapzˌatsʃviːrˌɪçkaɪtən,"sales problems, marketing difficulties",,,econ.,0,
Absatzsetzung,ˈapzˌatszɛtsˌʊŋ,paragraphing,,,"comp., print",0,
Absatzsteigerung,ˈapzatsstˌaɪɡərˌʊŋ,"sales increase , increase in sales",,,econ.,0,
Verkaufstendenz,fɛɾkˌaʊfstəndˈɛnts,sales trend,,,econ.,0,Absatztendenz
Verkaufsvolumen,fɛɾkˈaʊfsvoːlˌʊmən,"sales volume , sales quantity",,,econ.,0,"Absatzmenge, Absatzvolumen"
Vertriebskanal,fɛɾtɾˌiːpskanˈɑːl,"sales channel , vending channel , marketing channel , distribution channel , channel of distribution , trade channel , channel of trade",,,econ.,0,"Vertriebsweg, Absatzweg, Absatzkanal"
Absäuern,ˈapzˌɔøɜn,acid-washing,,,chem.,0,Absäuerung
Absaugkatheter,ˈapzˌaʊkkatətɜ,suction catheter,,,med.,0,
Absaugbohrung,ˈapzˌaʊɡboːrˌʊŋ,vent hole,,,techn.,0,
Absaugung,ˈapzˌaʊɡʊŋ,"suction , removal by suction",,,techn.,0,
Abschätzung von Technikfolgen,ˈapʃˌɛtsʊŋ fɔn tˈɛçnɪkfˌɔlɡən,assessment of the consequences of technology,,,"envir., soc.",0,Abschätzen von Technikfolgen
Abschätzung,ˈapʃˌɛtsʊŋ,estimate,,,math.,0,
Beseitigung,bəzˈaɪtɪɡˌʊŋ,"abolition , abolishment",,,"pol., jur.",2,Abschaffung
Aufhebung,ˈaʊfhˌeːbʊŋ,abolition,,,"hist., pol.",5,
Abschaltarbeit,ˈapʃˌaltaɾbˌaɪt,work done on breaking,,,electr.,0,
Abschalteinrichtung,ˈapʃˌaltaɪnrˌɪçtʊŋ,defeat device,,,auto,0,
Ausschaltung,ˈaʊsʃˌaltʊŋ,"cut-off , switching-off",,,electr.,0,"Abschaltung, Abschalten"
Entriegelrelais,ɛntɾˈiːɡəlrˌɛlaɪs,overflux relay,,,electr.,0,Abschalterelais
Abschaltgrenzwert,ˈapʃaltɡɾˌɛntsveːɾt,trip limit value,,,electr.,0,
Abschaltleistung,ˈapʃˌaltlaɪstˌʊŋ,interrupting rating,,,electr.,0,
Ausschaltvermögen,ˈaʊsʃˌaltfɜmˌøːɡən,"interrupting capacity , breaking capacity",,,electr.,0,"Ausschaltleistung, Abschaltleistung"
Abschaltleistung,ˈapʃˌaltlaɪstˌʊŋ,"scram power , shutdown power",,,techn.,0,
Abschaltrelais,ˈapʃˌaltɾəlˌaɪs,cut-out relay,,,electr.,0,
Abschaltthyristor,ˈapʃˌalttyːrˌɪstoːɾ,"gate-turn-off thyristor GTO,  /ɡˌeːtˌeːˈoː/",,,electr.,0,
Netztrennung,nˈɛtstɾənˌʊŋ,"de-energization   , de-energisation   , cut-out , disconnection",,,"Br., eAm., electr.",0,"Abschaltung, Aberregung"
Abschaltzeit,ˈapʃˌaltsaɪt,turnaround time,,,techn.,0,
Abschattung,ˈapʃˌatʊŋ,adumbration,,,"hist., phil.",0,
Abschaum,ˈapʃˌaʊm,"scum , dregs",,,pej.,1,
Fällbarkeit,fˈɛlbaɾkˌaɪt,separability,,,chem.,0,Abscheidbarkeit
Abscheidebehälter,ˈapʃˌaɪdeːbˌeːɛltɜ,knock-out vessel,,,techn.,0,
Abscheideeinrichtung,ˈapʃˌaɪdeːˌɪnrɪçtˌʊŋ,separation system,,,"water/steam, techn.",0,
Abscheidegefäß,ˈapʃˌaɪdeːɡˌeːfɛːs,separating vessel,,,techn.,0,Abscheideflasche
Abscheidung,ˈapʃˌaɪdʊŋ,"precipitation , separation",,,chem.,0,Abscheiden
Sichter,zˈɪçtɜ,"separator , classifier",,,techn.,0,Abscheider
Windsichter,vˈɪndzɪçtɜ,"air separator , air classifier , air elutriator",,,"chem., techn.",0,
Abscheider,ˈapʃˌaɪdɜ,anti-entrainment ball,,,techn.,0,
Abscheideverfahren,ˈapʃˌaɪdəfɛɾfˌɑːrən,separation process,,,techn.,0,
Abscheidungsgeschwindigkeit,ˈapʃˌaɪdʊŋsɡəʃvˌɪndɪçkˌaɪt,deposition rate,,,techn.,0,
Präzipitat,pɾˌɛːtsiːpiːtˈɑːt,precipitate,,,chem.,0,"Niederschlag, Fällungsprodukt, Abscheidungsstoff"
Abscherarbeit,ˈapʃˌeːraɾbˌaɪt,shearing work,,,techn.,0,
Abscherspannung,ˈapʃˌɛɾʃpanˌʊŋ,"shearing stress , shear stress",,,phys.,0,"Beanspruchung auf Abscheren, Abscherbeanspruchung"
Scherung,ʃˈeːrʊŋ,"shearing action, shearing , shear",,,techn.,0,"Abscherung, Abscheren"
Abscherfestigkeit,ˈapʃˌɛɾfɛstˌɪçkaɪt,"shearing strength , shear strength",,,techn.,0,
Abscherkupplung,ˈapʃˌɛɾkʊplˌʊŋ,shear pin clutch,,,techn.,0,
Abschermeißel für Blechenden,ˈapʃˌɛɾmaɪsəl fyːɾ blˈɛçəndən,shear pick,,,techn.,0,
Brechplatte,bɾˈɛçplatə,shear plate,,,techn.,0,Abscherplatte
Abscherbolzen,ˈapʃˌɛɾbɔltsən,"shear pin , shear bolt",,,techn.,0,Abscherstift
Abscheu,ˈapʃˌɔø,"abomination , abhorrence , detestation , loathing",,,veraltend,2,"starke Abneigung, Abscheu, Verabscheuen"
Aberwille,ˈapɛɾvˌɪlə,"abomination , abhorrence , detestation , loathing",,,"Schw., veraltend",0,"Widerwille, starke Abneigung, Abscheu"
Abschiebehaft,ˈapʃˌiːbeːˌaft,"custody pending deportation , custody with a view to deportation",,,"Dt., Ös.",1,"Ausschaffungshaft, Schubhaft"
Schubhaft,ʃˈʊphaft,"custody pending deportation , custody with a view to deportation",,,Ös.,1,"Abschiebehaft, Ausschaffungshaft"
Ausschaffungshaft,ˈaʊsʃˌafʊŋshˌaft,"custody pending deportation , custody with a view to deportation",,,Schw.,0,"Abschiebehaft, Schubhaft"
Abschiebebescheid,ˈapʃˌiːbeːbˌɛʃaɪt,deportation notice,,,"Dt., Ös.",0,Ausschaffungsentscheid
Ausschaffungsentscheid,ˈaʊsʃˌafʊŋsˌɛntʃaɪt,deportation notice,,,"adm., Schw.",0,Abschiebebescheid
Abschiebehäftling,ˈapʃˌiːbeːˌɛftlɪŋ,alien detained in custody pending deportation,,,"Dt., Ös.",0,"Schubhäftling, Ausschaffungshäftling"
Schubhäftling,ʃˈʊphɛftlˌɪŋ,alien detained in custody pending deportation,,,Ös.,0,"Abschiebehäftling, Ausschaffungshäftling"
Ausschaffungshäftling,ˈaʊsʃˌafʊŋshˌɛftlɪŋ,alien detained in custody pending deportation,,,Schw.,0,"Abschiebehäftling, Schubhäftling"
Abschiebeschutz,ˈapʃˌiːbɛʃˌʊts,deportation protection,,,adm.,0,
Abschiebeverbot,ˈapʃˌiːbeːfɜbˌoːt,deportation ban,,,adm.,0,
Schubhaftzentrum,ʃˈʊphaftsˌɛntɾʊm,immigration removal centre,,,"adm., Br., Ös.",0,Abschiebezentrum
Abschiebung,ˈapʃˌiːbʊŋ,"deportation , removal",,,"Dt., Ös.",1,"Ausschaffung, Rückweisung"
Ausschaffung,ˈaʊsʃˌafʊŋ,"deportation , removal",,,Schw.,0,"Rückweisung, Abschiebung"
Rückweisung,rˈykvaɪzˌʊŋ,"deportation , removal",,,"adm., Schw.",0,"Ausschaffung, Abschiebung"
Abschiebeanordnung,ˈapʃˌiːbeːˌɑnɔɾdnˌʊŋ,"deportation order , removal order",,,adm.,0,Abschiebungsanordnung
Auseinandergehen,ˌaʊzaɪnˈandɜɡˌeːən,parting,,,soc.,0,Abschied
Abschiedlichkeit,ˈapʃˌiːtlɪçkˌaɪt,"readiness to depart , abschiedlichkeit",,,phil.,0,
Bester eines Abschlussjahrgangs und letzter Redner auf der Abschlussfeier,bˈɛstɜ ˌaɪnəs ˈapʃlˌʊsjɑːɾɡˌaŋs ʊnt lˈɛtstɜ rˈeːdnɜ aʊf dɛɾ ˈapʃlʊsfˌaɪɜ,"valedictorian  , valedictory speaker",,,"Am., stud., school",0,
Abschiedsspiel,ˈapʃˌiːtspiːl,"testimonial match , testimonial game , testimonial",,,sport,0,
Abschieferung,ˈapʃˌiːfərˌʊŋ,exfoliation,,,geol.,0,
Abschirmblech,ˈapʃˌɪɾmblɛç,baffle,,,techn.,0,
Abschirmhalterung,ˈapʃɪɾmhˌaltərˌʊŋ,shield latch,,,electr.,1,
Entstörschlauch,ɛntʃtˈœɾʃlaʊx,screening tube,,,electr.,0,Abschirmschlauch
Schirmung,ʃˈɪɾmʊŋ,"shielding , screening",,,"phys., electr.",0,"Abschirmen, Abschirmung"
Entschlackung,ɛntʃlˈakʊŋ,"removing slag , slagging",,,techn.,0,"Abschlacken, Entschlacken, Abschlackung"
Disagio,dˈiːzɑːɡˌɪoː,discount,,,fin.,0,"Rabatt, Preisabschlag, Skonto"
Abschlag,ˈapʃlˌɑːk,tee shot,,,sport,0,
Abwinden,ˈapvˌɪndən,backing-off motion,,,textil.,0,Abschlagen
Abschlagen des verlorenen Kopfes,ˈapʃlˌɑːɡən dɛs fɛɾlˈoːrənən kˈɔpfəs,topping,,,techn.,0,
Abschlagkamm,ˈapʃlˌakkam,"knocking-over bit , knockover bit",,,textil.,0,"Abschlagplatine, Abschlagbarre"
Abschlagplatz,ˈapʃlˌakplats,teeing ground,,,sport,0,
erste Teilzahlung,ˈeːɾstə tˈaɪltsɑːlˌʊŋ,"first part payment , first partial payment",,,fin.,0,Abschlagszahlung
Abschlagsmarkierungen,ˈapʃlˌaksmaɾkˌiːrʊŋən,tee markers,,,sport,0,
Abschlagtafel,ˈapʃlˌaktafəl,tee board,,,sport,0,
Abschlagzeit,ˈapʃlˌaktsaɪt,tee time,,,sport,0,
Stromklassierung,ʃtɾˌɔmklasˈiːrʊŋ,"hydraulic classification , elutriation",,,"min., chem., techn.",0,"Abschlämmen, Gegenstromzentrifugation"
Abschlämm-Entsalzen,ˈapʃlˌɛm ɛntzˈaltsən,blow-down demineralization,,,chem.,0,
Abschlämmleitung,ˈapʃlˌɛmlaɪtˌʊŋ,blowdown pipe,,,techn.,0,
Kolluvium,kɔlˈuːviːˌʊm,"eroded material , colluvium",,,geol.,0,Abschlämmmasse
Abschlämmung,ˈapʃlˌɛmʊŋ,blowdown,,,techn.,0,
Schlammausblaseventil,ʃlˌamaʊsblˌɑzeːvəntˈiːl,"blow-down valve , blowdown valve",,,techn.,0,Abschlämmventil
Abschleppdienst,ˈapʃlˌɛpdiːnst,"breakdown recovery service , wrecking service , towing service , tow service",,,"auto, Am.",0,
Abschleppen,ˈapʃlˌɛpən,"tow , towage , towing",,,auto,0,
Abschleppseil,ˈapʃlˌɛpzaɪl,"tow rope , towing rope",,,auto,0,
Abschleppunternehmen,ˈapʃlˌɛpʊntɜnˌeːmən,"towing company   , wrecker company",,,"auto, Br., Am.",0,Abschleppfirma
Schleppstange,ʃlˈɛpstaŋə,tow bar,,,auto,0,Abschleppstange
Abschleppzone,ˈapʃlɛptsˌoːnə,tow-away zone,,,"adm., auto",0,
Abschliff,ˈapʃlˌɪf,stock removal,,,techn.,0,
Schlussbouquet,ʃlˈʊsbuːkvət,"spectacular conclusion, spectacular finale",,,Schw.,0,"fulminanter Schlusspunkt, grandioses Finale"
Abschlussglied,ˈapʃlˌʊsɡliːt,termination,,,telco.,0,"Abschluss, Ausgang"
zum Abschluss bringen,tsʊm ˈapʃlˌʊs bɾˈɪŋən,clinch,,verb,einen Handel,0,"besiegeln, perfekt machen"
Abschluss,ˈapʃlˌʊs,finishing,,,sport,0,
Studienabschluss,ʃtˈuːdiːnˌapʃlʊs,"university graduation , graduation",,,stud.,1,Abschluss des Studiums
Abschlussadressaten des Jahresabschlusses,ˈapʃlˌʊsadɾɛsˌɑːtən dɛs jˈɑːreːzˌapʃlʊsəs,users of the annual accounts / financial statements,,,"adm., econ.",0,
Examensarbeit,ˈɛksamˌɛnzaɾbˌaɪt,final paper,,,stud.,0,Abschlussarbeit
Abschlußbesprechung,ˈapʃlˌʊsbɛʃpɾˌɛçʊŋ,final meeting,,,alt,0,Abschlussbesprechung
Abschlußfeier,ˈapʃlʊsfˌaɪɜ,"final ceremony , closing ceremony",,,alt,0,Abschlussfeier
Abschlussgewebe,ˈapʃlˌʊsɡeːvˌeːbə,dermal tissue,,,bot.,0,
Abschlussimmittanz,ˈapʃlˌʊsɪmmˌɪtants,terminating immittance,,,electr.,0,
Abschlussimpedanz,ˈapʃlˌʊsɪmpˌeːdants,terminating impedance,,,electr.,0,
Abschlussjahrgang,ˈapʃlˌʊsjɑːɾɡˌaŋ,"final year group   , graduating year group   , final year class   , graduating class",,,"Br., Am., stud.",0,
Abschlusskabel,ˈapʃlʊskˌɑːbəl,terminal cable,,,telco.,0,
Examensarbeit,ˈɛksamˌɛnzaɾbˌaɪt,final written exam,,,Dt.,0,"schriftliche Abschlussprüfung, Abschlussklausur, Examen"
Examen,ˈɛksɑːmən,final written exam,,,Dt.,1,"schriftliche Abschlussprüfung, Abschlussklausur, Examensarbeit"
Abschlussleiste für Dachdraht,ˈapʃlˌʊslaɪstə fyːɾ dˈaxdɾɑːt,angle end for top wire,,,agr.,0,
Abschlussleiste,ˈapʃlˌʊslaɪstə,"dado rail , dado",,,obere,0,
Abschlussmutter,ˈapʃlˌʊsmʊtɜ,head lock nut,,,techn.,0,
Abschlussorgan,ˈapʃlˌʊsɔɾɡˌɑːn,orifice,,,techn.,0,
Abschlusspolitur,ˈapʃlˌʊspoːliːtˌuːɾ,polishing finish,,,art,0,
Abschlußort,ˈapʃlˌuːsɔɾt,place of signature,,,alt,0,Abschlussort
Abschlussprämie,ˈapʃlˌʊspɾɛːmˌiː,"final bonus , sales premium",,,econ.,0,
Abschlußpreis,ˈapʃlˌʊspɾaɪs,contract price,,,"alt, econ.",0,Abschlusspreis
Abschlussprovision,ˈapʃlˌʊspɾoːviːzjˌoːn,acquisition commission,,,fin.,1,
Abschlussprovision,ˈapʃlˌʊspɾoːviːzjˌoːn,"sales commission , new business commission",,,"fin., econ.",0,
Abschlußprozedur,ˈapʃlˌʊspɾoːtseːdˌuːɾ,close procedure,,,alt,0,Abschlussprozedur
Abschlussprüfung,ˈapʃlˌʊspɾyːfˌʊŋ,"final examination , final exam , degree examination , final , finals , graduation",,,"Am., stud., school",0,
jährliche Abschlussprüfung,jˈɛːɾlɪçə ˈapʃlˌʊspɾyːfˌʊŋ,audit of annual accounts,,,econ.,0,
hohe Abschlusszahlung,hˈoːə ˈapʃlˌʊstsɑːlˌʊŋ,balloon payment,,,fin.,0,"Schlussrate, Abschlussrate"
Abschlussrechnung,ˈapʃlˌʊsrɛçnˌʊŋ,accounting report,,,"adm., fin.",0,
Kauf-,Verkaufsabrechnung,"broker's contract note , contract note",,,"adm., fin.",1,"Schlussschein, Abschlussrechnung, Ausführungsanzeige"
Abschlußschaltung,ˈapʃlˌʊsʃaltˌʊŋ,terminator circuit,,,alt,0,Abschlussschaltung
Abschlussscheibe,ˈapʃlˌʊsʃaɪbə,closure lid,,,techn.,0,
Abschlussschirm,ˈapʃlˌʊsʃɪɾm,end hat,,,electr.,0,
Abschlussstein,ˈapʃlˌʊsʃtaɪn,tuck stone,,,techn.,0,
Abschlußtest,ˈapʃlˌʊstəst,final test,,,alt,0,Abschlusstest
Abschlußtraining,ˈapʃlˌʊstɾɛnˌɪŋ,final training,,,"sport, alt",0,Abschlusstraining
Abschlussübertrager,ˈapʃlˌʊsyːbɜtɾˌɑːɡɜ,terminal transformer,,,electr.,0,
Abschlusswiderstand,ˈapʃlˌʊsviːdɜstˌant,"termination , terminator",,,electr.,0,
Abschlußzeugnis,ˈapʃlˌʊstsɔøɡnˌɪs,"leaving certificate , final grade certificate , leaving cert results , final degree",,,"alt, stud., school",0,Abschlusszeugnis
Abschlusszeugnis,ˈapʃlˌʊstsɔøɡnˌɪs,diploma,,,"Am., stud., school",0,
Abschmelzelektrode,ˈapʃmˌɛltsəlˌɛktɾoːdə,"consumable electrode , fusible electrode",,,techn.,0,
Ablationsgebiet,ˈaplˌatsjˌoːnsɡeːbˌiːt,"ablation area , ablation zone",,,geogr.,0,"Zehrgebiet, Abschmelzgebiet"
Stanley-Messer,ʃtˈanlaɪ mˈɛsɜ,"utility knife , Stanley knife   , Japanese knife , carpet cutter , box cutter , cutter",,,"tm, Ös.",1,"Japanmesser, Teppichmesser, Abbrechklingenmesser"
Absperrventil,ˈapʃpˌɛɾvəntˌiːl,isolating valve,,,techn.,0,Abschnittsventil
Abschnürspannung,ˈapʃnˌyɾʃpanˌʊŋ,pinch-off voltage,,,electr.,0,
Anbindung,ˈanbˌɪndʊŋ,"cording , tying-up , tying",,,textil.,0,"Anschnürung, Abschnürung"
Abschöpfung der Kaufkraft,ˈapʃˌœpfʊŋ dɛɾ kˈaʊfkɾaft,absorption of buying power,,,econ.,0,
Abschöpfen (eines Grönlandwals) bei der Nahrungsaufnahme,ˈapʃˌœpfən ˌaɪnəs ɡɾˈœnlandvˌɑːls baɪ dɛɾ nˈɑːrʊŋsˌaʊfnɑːmə,skimming (of a bowhead whale) during feeding,,,zool.,0,
Abschöpfungspreispolitik,ˈapʃˌœpfʊŋʃpɾˌaɪspoːliːtˌiːk,skimming pricing,,,econ.,0,
Abschraubmoment,ˈapʃrˌaʊbmoːmˌɛnt,"unscrewing torque , loosening torque",,,techn.,0,
Drehen einer Fase,dɾˈeːən ˌaɪnɜ fˈɑːzə,chamfering,,,techn.,0,"Anfasen, Abschrägen"
Abschreckanlage,ˈapʃrˌɛkanlˌɑːɡə,quenching equipment,,,techn.,0,
Restaustenit,rˌɛstaʊsteːnˈɪt,retained austenite,,,techn.,0,Abschreckaustenit
Abschreckdauer,ˈapʃrˌɛkdaʊɜ,quenching time,,,techn.,0,
Abschreckung,ˈapʃrˌɛkʊŋ,quenching,,,techn.,0,Abschrecken
Abschreckmittel,ˈapʃrˌɛkmɪtəl,quenchant,,,techn.,0,
Kokille,kˈoːkɪlə,"chill plate , chill",,,techn.,0,Abschreckplatte
konventionelle Abschreckung,kɔnvɛntsjˌoːnˈɛlə ˈapʃrˌɛkʊŋ,conventional deterrence,,,"pol., mil.",0,
Abschreckungspotential,ˈapʃrˌɛkʊŋspˌoːtɛntiːˌɑːl,deterrent potential,,,alt,0,Abschreckungspotenzial
Waffenarsenal zur Abschreckung,vˌafənˌaɾzənˈɑːl tsuːɾ ˈapʃrˌɛkʊŋ,"deterrent weapons, deterrent force, deterrent",,,mil.,0,Abschreckungswaffen
Kompilator,kɔmpiːlˈɑtoːɾ,compiler,,,"sci., geh., pej.",0,Abschreiber
Abschreibung,ˈapʃrˌaɪbʊŋ,"allowance for depreciation , depreciation allowance , depreciation deduction , depreciation",,,steuerliche,7,"Absetzung, Steuerabschreibung, Anlageabschreibung"
Steuerabschreibung,ʃtˈɔøeːrapʃrˌaɪbʊŋ,"allowance for depreciation , depreciation allowance , depreciation deduction , depreciation",,,jährliche,0,"Absetzung, Abschreibung, Anlageabschreibung"
Absetzung,ˈapzɛtsˌʊŋ,"allowance for depreciation , depreciation allowance , depreciation deduction , depreciation",,,"Dt., fin., econ.",6,"Abschreibung, Steuerabschreibung, Anlageabschreibung"
Abschreibung,ˈapʃrˌaɪbʊŋ,amount written off,,,fin.,0,
Abschreibungsaufwand,ˈapʃrˌaɪbʊŋzˌaʊfvant,depreciation expense,,,"adm., econ.",0,
steuerliche Abschreibungsmöglichkeit,ʃtˈɔøɜlˌɪçə ˈapʃrˌaɪbʊŋsmˌøːklɪçkˌaɪt,possibility of setting off items against taxable income,,,fin.,0,
steuerliche Abschreibungsmöglichkeit,ʃtˈɔøɜlˌɪçə ˈapʃrˌaɪbʊŋsmˌøːklɪçkˌaɪt,"possibility for depreciation , depreciation allowance",,,"Br., fin.",0,
Abschreibungsrate,ˈapʃrˌaɪbʊŋsrˌɑːtə,"depreciation rate , amortization rate   , amortisation rate",,,"Br., fin., eAm.",0,
Abschreibungsdauer,ˈapʃrˌaɪbʊŋsdˌaʊɜ,"amortization period , amortisation period",,,"Br., fin.",0,"Abschreibungsperiode, Abschreibungszeitraum"
Abschreibungsdauer,ˈapʃrˌaɪbʊŋsdˌaʊɜ,"period of depreciation , depreciation period",,,fin.,0,"Abschreibungsperiode, Abschreibungszeitraum"
Exemplar,ˌɛksɛmplˈɑːɾ,copy,,,adm.,0,"Abschrift, Gleichschrift"
beglaubigte Abschrift eines Gerichtsprotokolls,bəɡlˈaʊbɪçtə ˈapʃrˌɪft ˌaɪnəs ɡərˈɪçtʃpɾoːtˌoːkɔls,estreat,,,"Br., jur.",0,
eine Abschrift beglaubigen,ˌaɪnə ˈapʃrˌɪft bəɡlˈaʊbɪɡən,"certify , attest , exemplify a copy",,verb,adm.,0,
Desquamation,dˌɛskvamatsjˈoːn,desquamation,,,geol.,0,Abschuppung
Abschuss,ˈapʃˌʊs,kill,,,"coll., mil.",0,
Abfeuern,ˈapfˌɔøɜn,"firing , discharge",,,"mil., formal",0,"Abschuss, Abschießen"
Herunterholen,hɛrˈʊntɜhˌoːlən,"shooting-down , bringing-down , downing",,,"mil., ugs.",0,"Abschuss, Abschießen"
Abschussrampe,ˈapʃˌʊsrampə,launcher,,,"kleine, mil.",0,
Abschussrohr,ˈapʃˌʊsroːɾ,launching tube,,,mil.,0,
Schürfwunde,ʃˈyɾfvʊndə,"abrasion , excoriation",,,med.,0,"Abschürfung, Hautabschürfung"
Abschüssigkeit,ˈapʃˌysɪçkˌaɪt,"declivity , precipitousness",,,geogr.,0,
Abschwächer,ˈapʃvˌɛçɜ,reducer,,,photo.,0,
Abschwächungsaussichten,ˈapʃvˌɛçʊŋsˌaʊsɪçtən,downside potential,,,fin.,0,
Abschwächungslösung,ˈapʃvˌɛçʊŋslˌøːzʊŋ,reducer solution,,,photo.,0,
Exkurs,ɛkskˈuːɾs,"digression , excursus",,,geh.,1,"Abschweifung, Abstecher"
Abschwemmen und Auflanden an anderer Stelle,ˈapʃvˌɛmən ʊnt ˈaʊflˌandən an ˈandərɜ ʃtˈɛlə,avulsion,,,geol.,0,Abschwemmung durch Strömung
Abschwung,ˈapʃvˌʊŋ,"downswing , downturn",,,econ.,1,
Abscisinsäure,ˈapskˌiːzɪnzˌɔørə,"abscissic acid ABA,  /ˈɑbɑː/",,,biochem.,0,
